Run_Start,Run_End,Bunch_Spacing,Coin_Offset,nSkip,nWindows,Pion_Prompt_Peak,Kaon_Prompt_Peak,Proton_Prompt_Peak,RF_Offset
4865,4866,4.008,0.250,2,6,47.306,47.138,49.272,-1.030
4866,4867,4.008,0.250,2,6,47.357,47.163,49.328,-1.030
4867,4868,4.008,0.250,2,6,47.327,47.214,49.326,-1.030
4868,4869,4.008,0.250,2,6,47.283,47.176,49.255,-1.030
4871,4872,4.008,0.250,2,6,44.704,44.526,46.631,0.119
4873,4874,4.008,0.250,2,6,44.715,44.612,46.659,0.119
4874,4875,4.008,0.250,2,6,44.731,44.635,46.707,0.119
4875,4876,4.008,0.250,2,6,44.399,44.346,46.466,0.119
4876,4877,4.008,0.250,2,6,44.420,44.354,46.516,0.119
4877,4878,4.008,0.250,2,6,44.338,44.345,46.414,0.119
4878,4879,4.008,0.250,2,6,44.408,44.401,46.468,0.119
4879,4880,4.008,0.250,2,6,44.381,44.365,46.455,0.119
4882,4883,4.008,0.250,2,6,44.394,44.542,46.494,0.113
4884,4885,4.008,0.250,2,6,44.429,44.492,46.601,0.113
4885,4886,4.008,0.250,2,6,44.473,44.625,46.616,0.113
4887,4888,4.008,0.250,2,6,44.321,44.496,46.447,0.113
4888,4889,4.008,0.250,2,6,44.373,44.534,46.499,0.113
4889,4890,4.008,0.250,2,6,44.441,44.535,46.574,0.113
4890,4891,4.008,0.250,2,6,44.467,44.615,46.590,0.113
4892,4893,4.008,0.250,2,6,44.394,44.564,45.611,-1.000
4893,4894,4.008,0.250,2,6,44.412,44.538,45.641,-1.000
4894,4895,4.008,0.250,2,6,44.497,44.533,45.597,-1.000
4895,4896,4.008,0.250,2,6,44.570,44.729,45.832,-1.000
4896,4897,4.008,0.250,2,6,44.555,44.649,45.752,-1.000
4897,4898,4.008,0.250,2,6,44.570,44.697,45.735,-1.000
4898,4899,4.008,0.250,2,6,44.511,44.589,45.634,-1.000
4899,4900,4.008,0.250,2,6,44.506,44.668,45.745,-1.000
4900,4901,4.008,0.250,2,6,44.528,44.648,45.737,-1.000
4901,4902,4.008,0.250,2,6,44.656,44.754,45.784,-1.000
4904,4905,4.008,0.250,2,6,44.448,44.527,45.724,-1.000
4905,4906,4.008,0.250,2,6,44.537,44.700,45.743,-1.000
4906,4907,4.008,0.250,2,6,44.548,44.625,45.805,-1.000
4907,4908,4.008,0.250,2,6,44.542,44.706,45.799,-1.000
4908,4909,4.008,0.250,2,6,44.513,44.635,45.675,-1.000
4909,4910,4.008,0.250,2,6,44.522,44.639,45.631,-1.000
4914,4915,4.008,0.250,2,6,44.531,44.553,45.659,0.145
4916,4917,4.008,0.250,2,6,44.522,44.589,45.676,0.145
4917,4918,4.008,0.250,2,6,44.533,44.597,45.684,0.145
4918,4919,4.008,0.250,2,6,44.542,44.570,45.674,0.145
4919,4920,4.008,0.250,2,6,44.560,44.583,45.665,0.145
4920,4921,4.008,0.250,2,6,44.525,44.543,45.641,0.145
4921,4922,4.008,0.250,2,6,44.527,44.556,45.651,0.145
4922,4923,4.008,0.250,2,6,44.483,44.501,45.605,0.145
4923,4924,4.008,0.250,2,6,44.517,44.577,45.622,0.145
4924,4925,4.008,0.250,2,6,44.453,44.479,45.599,0.145
4925,4926,4.008,0.250,2,6,44.342,44.365,45.375,0.119
4926,4927,4.008,0.250,2,6,44.381,44.458,45.467,0.119
4927,4928,4.008,0.250,2,6,44.389,44.465,45.568,0.119
4928,4929,4.008,0.250,2,6,44.407,44.430,45.428,0.119
4929,4930,4.008,0.250,2,6,44.365,44.438,45.493,0.119
4930,4931,4.008,0.250,2,6,44.394,44.485,45.578,0.119
4931,4932,4.008,0.250,2,6,44.314,44.393,45.439,0.119
4932,4933,4.008,0.250,2,6,44.375,44.463,45.551,0.119
4933,4934,4.008,0.250,2,6,44.419,44.471,45.574,0.119
4934,4935,4.008,0.250,2,6,44.252,44.315,45.417,0.119
4935,4936,4.008,0.250,2,6,44.322,44.249,45.845,0.119
4936,4937,4.008,0.250,2,6,44.345,44.402,45.545,0.119
4937,4938,4.008,0.250,2,6,44.368,44.454,45.581,0.119
4938,4939,4.008,0.250,2,6,44.382,44.452,45.534,0.119
4939,4940,4.008,0.250,2,6,44.388,44.467,45.511,0.119
4943,4944,4.008,0.250,2,6,44.367,44.442,45.533,0.119
4944,4945,4.008,0.250,2,6,44.381,44.440,45.463,0.119
4945,4946,4.008,0.250,2,6,44.458,44.490,45.621,0.145
4946,4947,4.008,0.250,2,6,44.452,44.484,45.620,0.145
4947,4948,4.008,0.250,2,6,44.423,44.446,45.600,0.145
4948,4949,4.008,0.250,2,6,44.330,44.386,45.435,0.119
4949,4950,4.008,0.250,2,6,44.270,44.347,45.413,0.119
4950,4951,4.008,0.250,2,6,44.314,44.383,45.476,0.119
4951,4952,4.008,0.250,2,6,44.342,44.393,45.482,0.119
4952,4953,4.008,0.250,2,6,44.296,44.374,45.481,0.119
4953,4954,4.008,0.250,2,6,44.303,44.378,45.404,0.119
4954,4955,4.008,0.250,2,6,44.298,44.360,45.441,0.119
4955,4956,4.008,0.250,2,6,44.253,44.343,45.398,0.119
4956,4957,4.008,0.250,2,6,44.281,44.353,45.419,0.119
4957,4958,4.008,0.250,2,6,44.255,44.354,45.404,0.119
4958,4959,4.008,0.250,2,6,44.285,44.364,45.431,0.119
4959,4960,4.008,0.250,2,6,44.261,44.335,45.444,0.119
4965,4966,4.008,0.250,2,6,44.318,44.290,45.343,0.125
4966,4967,4.008,0.250,2,6,44.352,44.445,45.462,0.125
4967,4968,4.008,0.250,2,6,44.294,44.438,45.256,0.125
4968,4969,4.008,0.250,2,6,44.324,44.508,45.318,0.125
4969,4970,4.008,0.250,2,6,44.343,44.482,45.333,0.125
4970,4971,4.008,0.250,2,6,44.235,44.393,45.185,0.125
4971,4972,4.008,0.250,2,6,44.265,44.453,45.182,0.125
4972,4973,4.008,0.250,2,6,44.291,44.477,45.169,0.125
4973,4974,4.008,0.250,2,6,44.196,44.191,45.125,0.125
4974,4975,4.008,0.250,2,6,44.222,44.524,45.158,0.125
4975,4976,4.008,0.250,2,6,44.257,44.397,45.218,0.125
4982,4983,4.008,0.250,2,6,44.360,44.492,45.308,0.050
4983,4984,4.008,0.250,2,6,44.451,44.652,45.823,0.050
4984,4985,4.008,0.250,2,6,44.313,44.547,45.355,0.050
4985,4986,4.008,0.250,2,6,44.307,44.470,45.339,0.050
4986,4987,4.008,0.250,2,6,44.345,44.628,45.625,0.050
4987,4988,4.008,0.250,2,6,44.328,44.625,45.523,0.050
4990,4991,4.008,0.250,2,6,44.271,44.406,45.327,0.050
4991,4992,4.008,0.250,2,6,44.335,44.485,45.304,0.050
4995,4996,4.008,0.250,2,6,44.292,44.436,45.272,0.050
4996,4997,4.008,0.250,2,6,44.249,44.373,45.303,0.050
4997,4998,4.008,0.250,2,6,44.261,44.419,45.324,0.050
4998,4999,4.008,0.250,2,6,44.247,44.394,45.280,0.050
4999,5000,4.008,0.250,2,6,44.252,44.400,45.125,-0.097
5000,5001,4.008,0.250,2,6,44.400,44.771,45.447,-0.097
5001,5002,4.008,0.250,2,6,44.149,44.423,45.095,-0.097
5002,5003,4.008,0.250,2,6,44.217,44.456,45.275,-0.097
5003,5004,4.008,0.250,2,6,44.270,44.508,45.366,-0.097
5004,5005,4.008,0.250,2,6,44.292,44.585,45.365,-0.097
5005,5006,4.008,0.250,2,6,44.200,44.522,45.125,-0.097
5006,5007,4.008,0.250,2,6,44.244,44.411,45.155,-0.097
5007,5008,4.008,0.250,2,6,44.321,44.571,45.331,-0.097
5008,5009,4.008,0.250,2,6,44.266,44.539,45.362,-0.097
5009,5010,4.008,0.250,2,6,44.275,44.373,45.369,-0.097
5013,5014,4.008,0.250,2,6,44.357,44.429,45.282,-0.040
5014,5015,4.008,0.250,2,6,44.311,44.470,45.278,-0.040
5015,5016,4.008,0.250,2,6,44.324,44.458,45.258,-0.040
5016,5017,4.008,0.250,2,6,44.322,44.521,45.136,-0.040
5017,5018,4.008,0.250,2,6,44.335,44.570,45.375,-0.040
5018,5019,4.008,0.250,2,6,44.291,44.503,45.152,-0.040
5019,5020,4.008,0.250,2,6,44.282,44.526,45.034,-0.040
5020,5021,4.008,0.250,2,6,44.273,44.479,45.155,-0.040
5021,5022,4.008,0.250,2,6,44.274,44.482,45.236,-0.040
5022,5023,4.008,0.250,2,6,44.324,44.527,45.126,-0.040
5023,5024,4.008,0.250,2,6,44.249,44.473,45.240,-0.040
5024,5025,4.008,0.250,2,6,44.294,44.488,45.090,-0.040
5025,5026,4.008,0.250,2,6,44.284,44.496,45.311,-0.040
5026,5027,4.008,0.250,2,6,44.305,44.455,45.096,-0.040
5027,5028,4.008,0.250,2,6,44.307,44.454,45.139,-0.040
5031,5032,4.008,0.250,2,6,44.262,44.463,45.080,-0.040
5032,5033,4.008,0.250,2,6,44.277,44.496,45.215,-0.040
5033,5034,4.008,0.250,2,6,44.248,44.469,45.164,-0.040
5038,5039,4.008,0.250,2,6,44.158,44.346,45.052,0.750
5039,5040,4.008,0.250,2,6,44.215,44.370,45.010,0.750
5040,5041,4.008,0.250,2,6,43.979,44.132,45.047,0.750
5041,5042,4.008,0.250,2,6,44.114,44.127,44.880,0.750
5042,5043,4.008,0.250,2,6,44.157,44.232,44.859,0.750
5044,5045,4.008,0.250,2,6,44.142,44.247,44.825,0.750
5045,5046,4.008,0.250,2,6,44.093,44.217,44.801,0.750
5046,5047,4.008,0.250,2,6,44.160,44.276,44.967,0.750
5047,5048,4.008,0.250,2,6,44.118,44.225,44.875,-1.250
5048,5049,4.008,0.250,2,6,44.232,44.451,45.072,-1.250
5049,5050,4.008,0.250,2,6,44.001,44.190,44.638,-1.250
5050,5051,4.008,0.250,2,6,44.193,44.288,44.900,-1.250
5051,5052,4.008,0.250,2,6,44.040,44.129,44.625,-1.250
5052,5053,4.008,0.250,2,6,44.146,44.260,44.915,-1.250
5053,5054,4.008,0.250,2,6,44.170,44.253,44.918,-1.250
5054,5055,4.008,0.250,2,6,44.114,44.219,44.875,-1.250
5055,5056,4.008,0.250,2,6,44.101,44.165,44.869,-1.250
5056,5057,4.008,0.250,2,6,44.153,44.231,44.807,-1.250
5057,5058,4.008,0.250,2,6,44.123,44.249,44.864,-1.250
5058,5059,4.008,0.250,2,6,44.160,44.242,44.865,-1.250
5059,5060,4.008,0.250,2,6,44.133,44.245,44.940,-1.250
5060,5061,4.008,0.250,2,6,44.149,44.211,44.960,-1.250
5062,5063,4.008,0.250,2,6,44.126,44.223,44.755,-1.250
5063,5064,4.008,0.250,2,6,44.088,44.101,44.838,-1.250
5064,5065,4.008,0.250,2,6,44.139,44.221,44.872,-1.250
5065,5066,4.008,0.250,2,6,44.118,44.223,44.836,-1.250
5066,5067,4.008,0.250,2,6,44.089,44.221,44.843,-1.250
5068,5069,4.008,0.250,2,6,44.175,44.275,44.905,-1.250
5069,5070,4.008,0.250,2,6,44.129,44.238,44.875,-1.250
5070,5071,4.008,0.250,2,6,44.218,44.313,45.092,-1.250
5071,5072,4.008,0.250,2,6,44.140,44.257,44.891,-1.250
5072,5073,4.008,0.250,2,6,44.179,44.311,44.942,-1.250
5073,5074,4.008,0.250,2,6,44.161,44.292,44.929,-1.250
5075,5076,4.008,0.250,2,6,44.178,44.267,44.859,-1.250
5076,5077,4.008,0.250,2,6,44.189,44.324,44.867,-1.250
5077,5078,4.008,0.250,2,6,44.241,44.349,45.057,-1.250
5078,5079,4.008,0.250,2,6,44.122,44.218,45.062,-1.290
5079,5080,4.008,0.250,2,6,44.184,44.307,44.668,-1.290
5080,5081,4.008,0.250,2,6,44.055,44.167,44.716,-1.290
5081,5082,4.008,0.250,2,6,44.034,44.075,44.788,-1.290
5082,5083,4.008,0.250,2,6,44.061,44.181,44.657,-1.290
5083,5084,4.008,0.250,2,6,43.934,44.030,44.560,-1.290
5084,5085,4.008,0.250,2,6,43.996,44.112,44.574,-1.290
5085,5086,4.008,0.250,2,6,44.037,44.207,45.021,-1.290
5086,5087,4.008,0.250,2,6,44.096,44.223,44.998,-1.290
5089,5090,4.008,0.250,2,6,44.063,44.123,44.821,-1.290
5090,5091,4.008,0.250,2,6,44.117,44.251,44.878,-1.290
5091,5092,4.008,0.250,2,6,44.085,44.194,44.918,-1.290
5092,5093,4.008,0.250,2,6,44.103,44.204,44.817,-1.290
5093,5094,4.008,0.250,2,6,44.103,44.214,44.913,-1.290
5094,5095,4.008,0.250,2,6,44.102,44.173,44.794,-1.290
5095,5096,4.008,0.250,2,6,44.059,44.107,44.668,-1.290
5096,5097,4.008,0.250,2,6,44.054,44.147,44.731,-1.290
5097,5098,4.008,0.250,2,6,44.077,44.119,44.908,-1.290
5098,5099,4.008,0.250,2,6,44.070,44.108,44.933,-1.290
5099,5100,4.008,0.250,2,6,44.077,44.158,44.882,-1.290
5100,5101,4.008,0.250,2,6,44.089,44.129,44.737,-1.290
5101,5102,4.008,0.250,2,6,44.079,44.206,44.764,-1.290
5102,5103,4.008,0.250,2,6,44.014,44.171,44.739,-1.290
5103,5104,4.008,0.250,2,6,44.171,44.258,44.930,-1.290
5104,5105,4.008,0.250,2,6,44.050,44.139,44.759,-1.290
5105,5106,4.008,0.250,2,6,44.118,44.200,44.864,-1.290
5106,5107,4.008,0.250,2,6,44.113,44.160,44.729,-1.290
5111,5112,4.008,0.250,2,6,44.077,44.151,44.676,-1.290
5113,5114,4.008,0.250,2,6,44.104,44.221,44.799,-1.290
5114,5115,4.008,0.250,2,6,44.115,44.198,44.898,-1.290
5115,5116,4.008,0.250,2,6,44.120,44.228,44.879,-1.290
5116,5117,4.008,0.250,2,6,44.084,44.154,45.125,-1.290
5117,5118,4.008,0.250,2,6,44.075,44.127,44.724,-1.290
5118,5119,4.008,0.250,2,6,44.080,44.189,44.873,-1.290
5119,5120,4.008,0.250,2,6,44.085,44.127,44.811,-1.290
5120,5121,4.008,0.250,2,6,44.038,44.197,44.657,-1.290
5122,5123,4.008,0.250,2,6,44.036,44.141,44.564,-1.290
5128,5129,4.008,0.250,2,6,44.078,44.395,44.534,-1.290
5129,5130,4.008,0.250,2,6,44.145,44.243,44.636,-1.290
5130,5131,4.008,0.250,2,6,44.105,44.240,43.911,-1.290
5131,5132,4.008,0.250,2,6,44.042,44.253,44.625,-1.290
5132,5133,4.008,0.250,2,6,44.111,44.302,44.903,-1.290
5133,5134,4.008,0.250,2,6,44.061,44.376,44.607,-1.290
5134,5135,4.008,0.250,2,6,44.044,44.211,44.625,-1.290
5135,5136,4.008,0.250,2,6,43.966,44.375,44.125,-1.290
5136,5137,4.008,0.250,2,6,44.001,44.145,44.449,-1.290
5137,5138,4.008,0.250,2,6,43.991,44.197,45.143,-1.290
5138,5139,4.008,0.250,2,6,44.081,44.248,44.109,-1.290
5139,5140,4.008,0.250,2,6,44.022,44.185,44.117,-1.290
5140,5141,4.008,0.250,2,6,44.026,44.200,44.875,-1.290
5141,5142,4.008,0.250,2,6,43.984,44.222,44.875,-1.290
5142,5143,4.008,0.250,2,6,43.993,44.301,44.701,-1.290
5143,5144,4.008,0.250,2,6,44.070,44.293,44.125,-1.290
5144,5145,4.008,0.250,2,6,43.899,44.266,43.875,-1.290
5183,5184,4.008,0.250,2,6,44.043,44.093,44.402,-1.290
5184,5185,4.008,0.250,2,6,44.010,44.220,44.620,-1.290
5185,5186,4.008,0.250,2,6,44.267,44.426,44.125,-1.290
5197,5198,4.008,0.250,2,6,44.018,43.992,44.875,-1.290
5198,5199,4.008,0.250,2,6,43.980,44.055,44.119,-1.290
5199,5200,4.008,0.250,2,6,44.028,44.122,44.399,-1.290
5200,5201,4.008,0.250,2,6,43.937,44.134,43.938,-1.290
5201,5202,4.008,0.250,2,6,43.951,44.117,44.125,-1.290
5202,5203,4.008,0.250,2,6,43.991,44.193,44.593,-1.290
5203,5204,4.008,0.250,2,6,43.881,44.289,44.369,-1.290
5204,5205,4.008,0.250,2,6,43.903,44.167,44.875,-1.290
5206,5207,4.008,0.250,2,6,43.958,44.132,44.375,-1.290
5207,5208,4.008,0.250,2,6,44.020,44.131,44.394,-1.290
5208,5209,4.008,0.250,2,6,43.913,44.118,44.617,-1.290
5209,5210,4.008,0.250,2,6,43.984,44.141,44.375,-1.290
5210,5211,4.008,0.250,2,6,43.375,44.183,44.388,-1.290
5211,5212,4.008,0.250,2,6,43.954,44.018,44.187,-1.290
5212,5213,4.008,0.250,2,6,43.927,44.133,43.875,-1.290
5213,5214,4.008,0.250,2,6,43.905,43.910,44.601,-1.290
5217,5218,4.008,0.250,2,6,43.926,44.109,44.434,-1.290
5218,5219,4.008,0.250,2,6,43.988,43.965,44.302,-1.290
5219,5220,4.008,0.250,2,6,43.983,44.375,44.291,-1.290
5220,5221,4.008,0.250,2,6,44.047,44.148,44.297,-1.290
5221,5222,4.008,0.250,2,6,44.099,44.103,44.619,-1.290
5222,5223,4.008,0.250,2,6,44.090,44.299,44.875,-1.290
5223,5224,4.008,0.250,2,6,44.029,44.132,44.358,-1.290
5224,5225,4.008,0.250,2,6,44.115,44.246,44.625,-1.290
5225,5226,4.008,0.250,2,6,44.079,44.239,44.180,-1.290
5226,5227,4.008,0.250,2,6,44.095,44.125,44.914,-1.290
5227,5228,4.008,0.250,2,6,44.093,44.137,44.839,-1.290
5228,5229,4.008,0.250,2,6,44.101,44.152,44.836,-1.290
5229,5230,4.008,0.250,2,6,44.148,44.212,44.555,-1.290
5230,5231,4.008,0.250,2,6,44.150,44.304,45.125,-1.290
5231,5232,4.008,0.250,2,6,44.150,44.287,44.864,-1.290
5232,5233,4.008,0.250,2,6,44.109,44.180,44.896,-1.290
5237,5238,4.008,0.250,2,6,44.047,44.275,44.973,-1.290
5238,5239,4.008,0.250,2,6,44.019,44.389,44.753,-1.290
5239,5240,4.008,0.250,2,6,44.145,44.423,44.750,-1.290
5240,5241,4.008,0.250,2,6,43.992,44.325,44.840,-1.290
5241,5242,4.008,0.250,2,6,44.218,44.255,45.036,-1.290
5242,5243,4.008,0.250,2,6,44.095,44.342,44.935,-1.290
5243,5244,4.008,0.250,2,6,44.118,44.285,44.917,-1.290
5244,5245,4.008,0.250,2,6,44.093,44.339,44.625,0.680
5245,5246,4.008,0.250,2,6,44.079,44.361,44.650,0.680
5246,5247,4.008,0.250,2,6,44.096,44.297,45.119,0.680
5247,5248,4.008,0.250,2,6,44.154,44.173,44.875,0.680
5248,5249,4.008,0.250,2,6,44.055,44.214,44.747,0.680
5251,5252,4.008,0.250,2,6,44.069,44.221,44.531,0.680
5253,5254,4.008,0.250,2,6,44.082,44.202,44.702,0.680
5254,5255,4.008,0.250,2,6,44.109,44.088,44.625,0.680
5255,5256,4.008,0.250,2,6,44.045,44.132,44.348,0.680
5256,5257,4.008,0.250,2,6,44.077,44.141,44.694,0.680
5257,5258,4.008,0.250,2,6,44.130,44.149,44.603,0.680
5258,5259,4.008,0.250,2,6,44.101,44.201,44.768,0.680
5259,5260,4.008,0.250,2,6,44.008,44.247,44.567,0.680
5260,5261,4.008,0.250,2,6,43.956,44.251,44.361,0.680
5261,5262,4.008,0.250,2,6,43.993,44.102,44.572,0.680
5266,5267,4.008,0.250,2,6,44.049,44.129,44.676,0.680
5267,5268,4.008,0.250,2,6,44.168,44.255,44.590,0.680
5268,5269,4.008,0.250,2,6,44.179,44.100,44.723,0.680
5269,5270,4.008,0.250,2,6,44.187,44.183,44.867,0.680
5270,5271,4.008,0.250,2,6,44.140,44.247,44.625,0.680
5271,5272,4.008,0.250,2,6,44.235,44.346,44.893,0.680
5272,5273,4.008,0.250,2,6,44.135,44.268,45.375,0.680
5273,5274,4.008,0.250,2,6,44.119,44.311,44.782,0.680
5274,5275,4.008,0.250,2,6,43.878,44.133,44.580,0.680
5276,5277,4.008,0.250,2,6,43.910,43.938,43.693,0.680
5277,5278,4.008,0.250,2,6,44.032,44.055,44.375,0.680
5278,5279,4.008,0.250,2,6,43.913,44.007,44.617,0.680
5279,5280,4.008,0.250,2,6,43.920,43.870,43.875,0.680
5280,5281,4.008,0.250,2,6,43.937,43.877,44.520,0.680
5281,5282,4.008,0.250,2,6,43.736,44.125,45.125,0.680
5282,5283,4.008,0.250,2,6,43.931,44.179,44.608,0.680
5283,5284,4.008,0.250,2,6,43.902,44.025,43.998,0.680
5284,5285,4.008,0.250,2,6,43.962,43.893,44.375,0.680
5285,5286,4.008,0.250,2,6,43.851,43.898,44.109,0.680
5286,5287,4.008,0.250,2,6,43.935,44.059,44.506,0.680
5287,5288,4.008,0.250,2,6,43.808,43.973,43.806,0.680
5288,5289,4.008,0.250,2,6,43.967,44.049,44.875,0.680
5289,5290,4.008,0.250,2,6,43.779,44.180,44.195,0.680
5290,5291,4.008,0.250,2,6,43.821,44.021,44.439,0.680
5291,5292,4.008,0.250,2,6,44.017,43.932,44.625,0.680
5293,5294,4.008,0.250,2,6,43.857,44.194,44.087,0.680
5294,5295,4.008,0.250,2,6,43.988,44.118,44.447,0.680
5304,5305,4.008,0.250,2,6,44.160,44.102,44.625,0.720
5305,5306,4.008,0.250,2,6,44.180,44.063,44.611,0.720
5306,5307,4.008,0.250,2,6,44.101,44.047,44.551,0.720
5307,5308,4.008,0.250,2,6,44.109,44.069,44.545,0.720
5308,5309,4.008,0.250,2,6,44.098,44.058,44.584,0.720
5309,5310,4.008,0.250,2,6,44.114,44.128,44.680,0.720
5310,5311,4.008,0.250,2,6,44.112,44.074,44.508,0.720
5311,5312,4.008,0.250,2,6,44.166,44.209,44.864,0.720
5312,5313,4.008,0.250,2,6,44.196,44.200,44.907,0.720
5313,5314,4.008,0.250,2,6,44.058,44.010,44.481,0.720
5314,5315,4.008,0.250,2,6,44.042,44.025,44.581,0.720
5315,5316,4.008,0.250,2,6,43.983,44.003,44.456,0.720
5316,5317,4.008,0.250,2,6,43.990,44.029,44.443,0.720
5317,5318,4.008,0.250,2,6,44.022,44.001,44.484,0.720
5318,5319,4.008,0.250,2,6,43.966,43.991,44.625,0.720
5319,5320,4.008,0.250,2,6,44.010,44.004,44.581,0.720
5320,5321,4.008,0.250,2,6,44.023,44.018,44.491,0.720
5321,5322,4.008,0.250,2,6,44.035,44.010,44.652,0.720
5322,5323,4.008,0.250,2,6,44.035,44.132,44.708,0.720
5323,5324,4.008,0.250,2,6,44.051,44.037,44.625,0.720
5324,5325,4.008,0.250,2,6,44.028,44.012,44.520,0.720
5325,5326,4.008,0.250,2,6,43.985,44.030,44.754,0.720
5326,5327,4.008,0.250,2,6,44.003,43.917,44.652,0.720
5327,5328,4.008,0.250,2,6,43.918,43.957,44.559,0.720
5328,5329,4.008,0.250,2,6,43.907,43.834,44.502,0.720
5329,5330,4.008,0.250,2,6,43.916,43.982,44.556,0.720
5330,5331,4.008,0.250,2,6,43.989,44.067,44.460,0.720
5331,5332,4.008,0.250,2,6,43.970,44.032,44.683,0.720
5332,5333,4.008,0.250,2,6,44.032,44.111,44.500,0.720
5333,5334,4.008,0.250,2,6,44.011,44.033,44.595,0.720
5334,5335,4.008,0.250,2,6,43.963,43.972,44.538,0.720
6638,6639,2.000,0.250,2,6,47.981,46.966,51.238,-0.348
6642,6643,2.000,0.250,2,6,47.980,46.970,51.195,-0.348
6643,6644,2.000,0.250,2,6,47.972,46.958,51.168,-0.348
6644,6645,2.000,0.250,2,6,47.963,46.946,51.194,-0.348
6645,6646,2.000,0.250,2,6,47.962,46.945,51.193,-0.348
6646,6647,2.000,0.250,2,6,47.949,46.934,51.176,-0.348
6647,6648,2.000,0.250,2,6,47.955,46.935,51.184,-0.348
6649,6650,2.000,0.250,2,6,47.977,46.959,51.200,-0.348
6650,6651,2.000,0.250,2,6,47.972,46.953,51.180,-0.348
6651,6652,2.000,0.250,2,6,47.965,46.954,51.184,-0.348
6652,6653,2.000,0.250,2,6,47.960,46.941,51.199,-0.348
6653,6654,2.000,0.250,2,6,47.960,46.942,51.193,-0.348
6654,6655,2.000,0.250,2,6,47.985,46.981,51.204,-0.348
6655,6656,2.000,0.250,2,6,47.979,46.985,51.225,-0.348
6656,6657,2.000,0.250,2,6,47.968,46.957,51.181,-0.348
6657,6658,2.000,0.250,2,6,47.973,46.960,51.210,-0.348
6658,6659,2.000,0.250,2,6,47.958,46.942,51.173,-0.348
6659,6660,2.000,0.250,2,6,47.960,46.938,51.183,-0.348
6661,6662,2.000,0.250,2,6,47.980,46.974,51.235,-0.348
6662,6663,2.000,0.250,2,6,47.982,46.976,51.192,-0.348
6663,6664,2.000,0.250,2,6,47.970,46.958,51.192,-0.348
6664,6665,2.000,0.250,2,6,47.968,46.952,51.184,-0.348
6665,6666,2.000,0.250,2,6,47.953,46.940,51.169,-0.348
6666,6667,2.000,0.250,2,6,47.953,46.935,51.170,-0.348
6667,6668,2.000,0.250,2,6,47.970,46.968,51.203,-0.348
6668,6669,2.000,0.250,2,6,47.976,46.968,51.192,-0.348
6669,6670,2.000,0.250,2,6,47.974,46.962,51.185,-0.348
6671,6672,2.000,0.250,2,6,47.970,46.957,51.187,-0.348
6672,6673,2.000,0.250,2,6,47.959,46.935,51.179,-0.348
6673,6674,2.000,0.250,2,6,48.006,46.986,51.230,-0.348
6674,6675,2.000,0.250,2,6,48.038,47.031,51.255,-0.348
6675,6676,2.000,0.250,2,6,48.022,47.005,51.244,-0.348
6676,6677,2.000,0.250,2,6,48.013,46.998,51.224,-0.348
6680,6681,2.000,0.250,2,6,47.982,46.978,51.191,-0.348
6681,6682,2.000,0.250,2,6,47.984,46.975,51.210,-0.348
6682,6683,2.000,0.250,2,6,47.981,46.974,51.201,-0.348
6683,6684,2.000,0.250,2,6,47.982,46.969,51.267,-0.348
6684,6685,2.000,0.250,2,6,47.981,46.967,51.200,-0.348
6685,6686,2.000,0.250,2,6,47.993,46.974,51.192,-0.348
6687,6688,2.000,0.250,2,6,47.968,46.960,51.183,-0.348
6688,6689,2.000,0.250,2,6,47.969,46.959,51.179,-0.348
6689,6690,2.000,0.250,2,6,47.962,46.956,51.193,-0.348
6690,6691,2.000,0.250,2,6,47.950,46.940,51.160,-0.348
6691,6692,2.000,0.250,2,6,47.969,46.956,51.185,-0.348
6692,6693,2.000,0.250,2,6,48.010,46.988,51.234,-0.348
6694,6695,2.000,0.250,2,6,47.972,46.973,51.201,-0.348
6695,6696,2.000,0.250,2,6,47.964,46.956,51.181,-0.348
6696,6697,2.000,0.250,2,6,47.960,46.953,51.189,-0.348
6697,6698,2.000,0.250,2,6,48.001,46.996,51.216,-0.348
6704,6705,2.000,0.250,2,6,48.006,46.997,51.218,-0.348
6705,6706,2.000,0.250,2,6,47.983,46.968,51.190,-0.348
6706,6707,2.000,0.250,2,6,47.970,46.962,51.189,-0.348
6707,6708,2.000,0.250,2,6,47.965,46.956,51.194,-0.348
6708,6709,2.000,0.250,2,6,47.958,46.951,51.198,-0.348
6709,6710,2.000,0.250,2,6,47.987,46.952,51.221,-0.320
6710,6711,2.000,0.250,2,6,47.992,46.969,51.230,-0.320
6711,6712,2.000,0.250,2,6,47.990,46.969,51.243,-0.320
6712,6713,2.000,0.250,2,6,47.987,46.957,51.242,-0.320
6713,6714,2.000,0.250,2,6,47.989,46.962,51.248,-0.320
6714,6715,2.000,0.250,2,6,47.989,46.959,51.223,-0.320
6715,6716,2.000,0.250,2,6,47.993,46.960,51.235,-0.320
6716,6717,2.000,0.250,2,6,47.988,46.955,51.239,-0.320
6718,6719,2.000,0.250,2,6,47.994,46.959,51.241,-0.320
6719,6720,2.000,0.250,2,6,47.993,46.952,51.230,-0.320
6720,6721,2.000,0.250,2,6,47.999,46.960,51.240,-0.320
6721,6722,2.000,0.250,2,6,47.995,46.960,51.260,-0.320
6724,6725,2.000,0.250,2,6,48.019,46.998,51.262,-0.320
6725,6726,2.000,0.250,2,6,47.994,46.963,51.232,-0.320
6726,6727,2.000,0.250,2,6,48.002,46.969,51.252,-0.320
6727,6728,2.000,0.250,2,6,48.003,46.968,51.267,-0.320
6728,6729,2.000,0.250,2,6,47.999,46.962,51.241,-0.320
6729,6730,2.000,0.250,2,6,48.009,46.970,51.248,-0.320
6730,6731,2.000,0.250,2,6,48.005,46.963,51.230,-0.320
6736,6737,2.000,0.250,2,6,48.005,46.965,51.248,-0.320
6737,6738,2.000,0.250,2,6,48.006,46.961,51.209,-0.320
6738,6739,2.000,0.250,2,6,47.993,46.952,51.241,-0.320
6739,6740,2.000,0.250,2,6,48.002,46.964,51.247,-0.320
6740,6741,2.000,0.250,2,6,48.000,46.967,51.241,-0.320
6740,6741,2.000,0.250,2,6,48.000,46.967,51.241,-0.320
6741,6742,2.000,0.250,2,6,48.002,46.966,51.261,-0.320
6742,6743,2.000,0.250,2,6,48.007,46.970,51.254,-0.320
6743,6744,2.000,0.250,2,6,47.999,46.960,51.229,-0.320
6744,6745,2.000,0.250,2,6,48.015,46.982,51.245,-0.320
6745,6746,2.000,0.250,2,6,48.004,46.979,51.238,-0.320
6746,6747,2.000,0.250,2,6,48.017,46.988,51.265,-0.320
6747,6748,2.000,0.250,2,6,48.025,47.001,51.279,-0.320
6748,6749,2.000,0.250,2,6,48.019,46.996,51.259,-0.320
6749,6750,2.000,0.250,2,6,48.021,47.000,51.262,-0.320
6750,6751,2.000,0.250,2,6,48.020,46.999,51.256,-0.320
6751,6752,2.000,0.250,2,6,48.020,46.999,51.240,-0.320
6752,6753,2.000,0.250,2,6,48.025,46.996,51.279,-0.320
6753,6754,2.000,0.250,2,6,48.033,46.992,51.223,-0.320
6754,6755,2.000,0.250,2,6,48.015,46.986,51.245,-0.320
6754,6755,2.000,0.250,2,6,48.015,46.986,51.245,-0.320
6755,6756,2.000,0.250,2,6,48.004,46.987,51.255,-0.320
6756,6757,2.000,0.250,2,6,48.006,46.966,51.243,-0.320
6757,6758,2.000,0.250,2,6,47.999,46.970,51.249,-0.320
6760,6761,2.000,0.250,2,6,48.033,47.004,51.291,-0.320
6761,6762,2.000,0.250,2,6,48.020,47.002,51.270,-0.320
6762,6763,2.000,0.250,2,6,48.022,47.003,51.265,-0.320
6763,6764,2.000,0.250,2,6,48.026,47.000,51.270,-0.320
6765,6766,2.000,0.250,2,6,48.020,46.989,51.253,-0.320
6766,6767,2.000,0.250,2,6,48.017,46.995,51.263,-0.320
6767,6768,2.000,0.250,2,6,48.025,47.017,51.251,-0.320
6768,6769,2.000,0.250,2,6,48.023,47.003,51.250,-0.320
6769,6770,2.000,0.250,2,6,48.014,46.993,51.262,-0.320
6770,6771,2.000,0.250,2,6,48.026,46.994,51.266,-0.320
6771,6772,2.000,0.250,2,6,48.020,47.004,51.275,-0.320
6772,6773,2.000,0.250,2,6,48.014,46.981,51.250,-0.320
6774,6775,2.000,0.250,2,6,48.016,46.977,51.262,-0.320
6774,6775,2.000,0.250,2,6,48.016,46.977,51.262,-0.320
6775,6776,2.000,0.250,2,6,48.012,46.978,51.260,-0.320
6777,6778,2.000,0.250,2,6,48.030,47.020,51.182,-0.320
6778,6779,2.000,0.250,2,6,48.021,46.993,51.252,-0.320
6779,6780,2.000,0.250,2,6,48.020,47.012,51.181,-0.320
6780,6781,2.000,0.250,2,6,48.021,46.992,51.276,-0.320
6782,6783,2.000,0.250,2,6,48.018,46.987,51.253,-0.320
6783,6784,2.000,0.250,2,6,48.016,46.988,51.257,-0.320
6784,6785,2.000,0.250,2,6,48.046,46.983,51.246,-0.320
6785,6786,2.000,0.250,2,6,48.022,46.985,51.254,-0.320
6786,6787,2.000,0.250,2,6,48.024,46.995,51.282,-0.320
6787,6788,2.000,0.250,2,6,48.028,47.001,51.280,-0.320
6788,6789,2.000,0.250,2,6,48.032,47.001,51.280,-0.320
6789,6790,2.000,0.250,2,6,48.043,47.019,51.271,-0.320
6791,6792,2.000,0.250,2,6,48.011,46.990,51.241,1.628
6792,6793,2.000,0.250,2,6,48.006,46.989,51.228,1.628
6793,6794,2.000,0.250,2,6,48.009,46.980,51.098,1.628
6795,6796,2.000,0.250,2,6,48.006,46.992,51.245,1.628
6796,6797,2.000,0.250,2,6,48.008,46.989,51.214,1.628
6797,6798,2.000,0.250,2,6,48.007,46.989,51.238,1.628
6798,6799,2.000,0.250,2,6,48.012,46.991,51.237,1.628
6799,6800,2.000,0.250,2,6,48.023,47.013,51.279,1.628
6800,6801,2.000,0.250,2,6,48.014,47.000,51.227,1.628
6801,6802,2.000,0.250,2,6,48.015,47.004,51.236,1.628
6802,6803,2.000,0.250,2,6,48.014,46.991,51.238,1.628
6803,6804,2.000,0.250,2,6,48.005,46.993,51.236,1.628
6804,6805,2.000,0.250,2,6,48.008,47.003,51.241,1.628
6807,6808,2.000,0.250,2,6,48.018,47.018,51.237,1.628
6808,6809,2.000,0.250,2,6,48.021,47.011,51.227,1.628
6809,6810,2.000,0.250,2,6,48.022,47.017,51.257,1.628
6810,6811,2.000,0.250,2,6,48.020,47.011,51.239,1.628
6811,6812,2.000,0.250,2,6,48.023,47.019,51.254,1.628
6812,6813,2.000,0.250,2,6,48.013,47.051,51.117,1.628
6813,6814,2.000,0.250,2,6,47.993,46.978,51.208,1.628
6815,6816,2.000,0.250,2,6,47.999,46.989,51.235,1.628
6816,6817,2.000,0.250,2,6,48.003,46.989,51.234,1.628
6817,6818,2.000,0.250,2,6,47.995,46.983,51.229,1.628
6818,6819,2.000,0.250,2,6,48.002,46.986,51.249,1.628
6819,6820,2.000,0.250,2,6,48.000,46.994,51.225,1.628
6821,6822,2.000,0.250,2,6,48.008,47.003,51.241,1.628
6822,6823,2.000,0.250,2,6,48.015,46.998,51.251,1.628
6823,6824,2.000,0.250,2,6,48.017,47.005,51.263,1.628
6824,6825,2.000,0.250,2,6,48.016,47.014,51.240,1.628
6825,6826,2.000,0.250,2,6,48.018,47.014,51.252,1.628
6826,6827,2.000,0.250,2,6,48.026,47.021,51.243,1.628
6827,6828,2.000,0.250,2,6,48.032,47.025,51.238,1.628
6828,6829,2.000,0.250,2,6,48.035,47.020,51.216,1.628
6829,6830,2.000,0.250,2,6,48.018,47.009,51.259,1.628
6830,6831,2.000,0.250,2,6,48.029,47.023,51.253,1.628
6831,6832,2.000,0.250,2,6,48.033,47.028,51.242,1.628
6832,6833,2.000,0.250,2,6,48.042,47.025,51.272,1.628
6833,6834,2.000,0.250,2,6,48.027,47.028,51.251,1.628
6834,6835,2.000,0.250,2,6,48.032,47.034,51.236,1.628
6835,6836,2.000,0.250,2,6,48.028,47.028,51.257,1.628
6837,6838,2.000,0.250,2,6,48.028,47.023,51.265,1.628
6838,6839,2.000,0.250,2,6,48.020,47.030,51.240,1.628
6839,6840,2.000,0.250,2,6,48.010,47.015,51.261,1.628
6840,6841,2.000,0.250,2,6,48.025,47.019,51.257,1.628
6841,6842,2.000,0.250,2,6,48.021,47.020,51.264,1.628
6842,6843,2.000,0.250,2,6,48.032,47.030,51.264,1.628
6843,6844,2.000,0.250,2,6,48.011,46.995,51.228,1.628
6844,6845,2.000,0.250,2,6,48.018,47.001,51.211,1.628
6845,6846,2.000,0.250,2,6,48.021,47.005,51.211,1.628
6847,6848,2.000,0.250,2,6,48.001,46.981,51.198,1.628
6848,6849,2.000,0.250,2,6,48.000,46.984,51.225,1.628
6849,6850,2.000,0.250,2,6,48.002,46.984,51.241,1.628
6850,6851,2.000,0.250,2,6,48.026,47.016,51.267,1.628
6851,6852,2.000,0.250,2,6,48.018,47.008,51.260,1.628
6852,6853,2.000,0.250,2,6,48.020,47.022,51.260,1.628
6853,6854,2.000,0.250,2,6,48.003,47.000,51.238,1.628
6854,6855,2.000,0.250,2,6,47.999,46.988,51.197,1.628
6855,6856,2.000,0.250,2,6,48.004,46.992,51.231,1.628
6856,6857,2.000,0.250,2,6,47.996,46.975,51.221,1.628
6857,6858,2.000,0.250,2,6,47.990,46.983,51.163,1.628
6885,6886,2.000,0.250,2,6,47.994,47.003,51.232,-1.320
6887,6888,2.000,0.250,2,6,47.993,47.000,51.217,-1.320
6888,6889,2.000,0.250,2,6,47.987,46.998,51.209,-1.320
6889,6890,2.000,0.250,2,6,47.988,47.000,51.219,-1.320
6890,6891,2.000,0.250,2,6,47.985,46.991,51.204,-1.320
6891,6892,2.000,0.250,2,6,47.975,46.980,51.198,-1.320
6894,6895,2.000,0.250,2,6,47.974,46.978,51.193,-1.320
6895,6896,2.000,0.250,2,6,47.971,46.972,51.191,-1.320
6897,6898,2.000,0.250,2,6,47.977,46.984,51.206,-1.320
6898,6899,2.000,0.250,2,6,47.975,46.970,51.199,-1.320
6899,6900,2.000,0.250,2,6,47.983,46.979,51.201,-1.320
6900,6901,2.000,0.250,2,6,47.993,46.990,51.208,-1.320
6904,6905,2.000,0.250,2,6,47.987,46.974,51.197,-1.320
6905,6906,2.000,0.250,2,6,47.993,46.988,51.205,-1.320
6906,6907,2.000,0.250,2,6,47.993,46.988,51.210,-1.320
6907,6908,2.000,0.250,2,6,47.998,46.992,51.205,-1.320
6908,6909,2.000,0.250,2,6,47.997,46.995,51.210,-1.320
6909,6910,2.000,0.250,2,6,47.998,47.005,51.220,-1.320
6910,6911,2.000,0.250,2,6,47.991,46.993,51.218,-1.320
6911,6912,2.000,0.250,2,6,47.992,46.997,51.220,-1.320
6912,6913,2.000,0.250,2,6,47.999,47.011,51.232,-1.320
6913,6914,2.000,0.250,2,6,47.996,47.010,51.228,-1.320
6914,6915,2.000,0.250,2,6,48.001,47.021,51.216,-1.320
6915,6916,2.000,0.250,2,6,47.978,46.990,51.208,-1.320
6916,6917,2.000,0.250,2,6,47.982,46.995,51.212,-1.320
6917,6918,2.000,0.250,2,6,47.979,46.986,51.207,-1.320
6918,6919,2.000,0.250,2,6,47.981,46.986,51.213,-1.320
6919,6920,2.000,0.250,2,6,47.993,47.005,51.217,-1.320
6920,6921,2.000,0.250,2,6,47.996,47.005,51.221,-1.320
6921,6922,2.000,0.250,2,6,48.006,47.002,51.255,-1.320
6922,6923,2.000,0.250,2,6,48.009,47.004,51.254,-1.320
6924,6925,2.000,0.250,2,6,48.001,46.995,51.255,-1.320
6925,6926,2.000,0.250,2,6,48.027,47.023,51.274,-1.320
6927,6928,2.000,0.250,2,6,48.027,47.030,51.261,-1.320
6928,6929,2.000,0.250,2,6,48.006,46.998,51.256,-1.320
6929,6930,2.000,0.250,2,6,47.992,46.972,51.226,-1.320
6930,6931,2.000,0.250,2,6,47.986,46.969,51.216,-1.320
6934,6935,2.000,0.250,2,6,47.982,46.968,51.224,-1.320
6935,6936,2.000,0.250,2,6,47.979,46.968,51.230,-1.320
6936,6937,2.000,0.250,2,6,47.982,46.971,51.216,-1.320
6937,6938,2.000,0.250,2,6,47.983,46.970,51.216,-1.320
6938,6939,2.000,0.250,2,6,47.984,46.963,51.213,-1.320
6939,6940,2.000,0.250,2,6,47.979,46.962,51.218,-1.320
6941,6942,2.000,0.250,2,6,47.966,46.949,51.202,-1.320
6942,6943,2.000,0.250,2,6,47.968,46.961,51.199,-1.320
6943,6944,2.000,0.250,2,6,47.965,46.958,51.206,-1.320
6944,6945,2.000,0.250,2,6,47.980,46.965,51.220,-1.320
6945,6946,2.000,0.250,2,6,47.982,46.969,51.224,-1.320
6946,6947,2.000,0.250,2,6,47.983,46.974,51.227,-1.320
6947,6948,2.000,0.250,2,6,47.982,46.973,51.229,-1.320
6948,6949,2.000,0.250,2,6,47.976,46.985,51.194,-1.320
6949,6950,2.000,0.250,2,6,47.976,46.982,51.193,-1.320
6950,6951,2.000,0.250,2,6,47.976,46.985,51.203,-1.320
6951,6952,2.000,0.250,2,6,47.978,46.978,51.195,-1.320
6952,6953,2.000,0.250,2,6,47.983,46.980,51.204,-1.320
6953,6954,2.000,0.250,2,6,47.979,46.984,51.199,-1.320
6955,6956,2.000,0.250,2,6,47.996,46.999,51.231,-1.320
6956,6957,2.000,0.250,2,6,47.998,47.003,51.232,-1.320
6958,6959,2.000,0.250,2,6,48.009,47.022,51.232,-1.320
6959,6960,2.000,0.250,2,6,47.997,47.012,51.221,-1.320
6960,6961,2.000,0.250,2,6,47.991,47.003,51.225,-1.320
6961,6962,2.000,0.250,2,6,47.983,46.987,51.206,-1.320
6962,6963,2.000,0.250,2,6,47.980,46.988,51.207,-1.320
6963,6964,2.000,0.250,2,6,47.976,46.976,51.203,-1.320
6964,6965,2.000,0.250,2,6,47.984,46.983,51.208,-1.320
6965,6966,2.000,0.250,2,6,47.984,46.982,51.200,-1.320
6966,6967,2.000,0.250,2,6,47.989,46.984,51.204,-1.320
6967,6968,2.000,0.250,2,6,47.986,46.981,51.209,-1.320
6968,6969,2.000,0.250,2,6,47.984,46.984,51.209,-1.320
6969,6970,2.000,0.250,2,6,47.983,46.984,51.202,-1.320
6970,6971,2.000,0.250,2,6,47.980,46.967,51.188,-1.320
6971,6972,2.000,0.250,2,6,47.976,46.968,51.184,-1.320
6972,6973,2.000,0.250,2,6,47.997,46.985,51.232,-1.320
6973,6974,2.000,0.250,2,6,47.990,46.979,51.229,-1.320
6974,6975,2.000,0.250,2,6,47.993,46.972,51.231,-1.320
6975,6976,2.000,0.250,2,6,47.995,46.917,51.224,-1.320
6976,6977,2.000,0.250,2,6,47.996,46.974,51.220,-1.320
6977,6978,2.000,0.250,2,6,47.999,46.977,51.224,-1.320
6978,6979,2.000,0.250,2,6,47.997,46.979,51.237,-1.320
6980,6981,2.000,0.250,2,6,47.947,46.946,51.157,-1.340
6981,6982,2.000,0.250,2,6,47.952,46.950,51.174,-1.340
6982,6983,2.000,0.250,2,6,47.949,46.951,51.173,-1.340
6983,6984,2.000,0.250,2,6,47.946,46.947,51.167,-1.340
6984,6985,2.000,0.250,2,6,47.949,46.937,51.163,-1.340
6985,6986,2.000,0.250,2,6,47.953,46.942,51.159,-1.340
6986,6987,2.000,0.250,2,6,47.954,46.948,51.163,-1.340
6987,6988,2.000,0.250,2,6,47.959,46.950,51.169,-1.340
6988,6989,2.000,0.250,2,6,47.957,46.946,51.165,-1.340
6989,6990,2.000,0.250,2,6,47.960,46.958,51.178,-1.340
6990,6991,2.000,0.250,2,6,47.957,46.954,51.171,-1.340
6992,6993,2.000,0.250,2,6,47.952,46.952,51.169,-1.340
6993,6994,2.000,0.250,2,6,47.960,46.958,51.171,-1.340
6994,6995,2.000,0.250,2,6,47.960,46.958,51.170,-1.340
6995,6996,2.000,0.250,2,6,47.968,46.962,51.185,-1.340
6996,6997,2.000,0.250,2,6,47.965,46.966,51.187,-1.340
6997,6998,2.000,0.250,2,6,47.969,46.965,51.182,-1.340
6998,6999,2.000,0.250,2,6,47.969,46.964,51.195,-1.340
7002,7003,2.000,0.250,2,6,47.965,46.960,51.184,-1.340
7003,7004,2.000,0.250,2,6,47.966,46.962,51.184,-1.340
7004,7005,2.000,0.250,2,6,47.973,46.971,51.193,-1.340
7005,7006,2.000,0.250,2,6,47.968,46.961,51.185,-1.340
7006,7007,2.000,0.250,2,6,47.977,46.972,51.197,-1.340
7007,7008,2.000,0.250,2,6,47.985,46.982,51.197,-1.340
7009,7010,2.000,0.250,2,6,47.973,46.971,51.191,-1.340
7010,7011,2.000,0.250,2,6,47.982,46.979,51.175,-1.340
7011,7012,2.000,0.250,2,6,47.974,46.972,51.192,-1.340
7012,7013,2.000,0.250,2,6,47.975,46.970,51.181,-1.340
7013,7014,2.000,0.250,2,6,47.969,46.966,51.189,-1.340
7014,7015,2.000,0.250,2,6,47.969,46.973,51.188,-1.340
7016,7017,2.000,0.250,2,6,47.974,46.971,51.189,-1.340
7018,7019,2.000,0.250,2,6,47.973,46.973,51.187,-1.340
7019,7020,2.000,0.250,2,6,47.969,46.966,51.185,-1.340
7022,7023,2.000,0.250,2,6,47.962,46.961,51.184,-1.340
7023,7024,2.000,0.250,2,6,47.963,46.959,51.173,-1.340
7024,7025,2.000,0.250,2,6,47.956,46.952,51.169,-1.340
7025,7026,2.000,0.250,2,6,47.957,46.954,51.168,-1.340
7026,7027,2.000,0.250,2,6,47.955,46.952,51.164,-1.340
7028,7029,2.000,0.250,2,6,47.957,46.951,51.169,-1.340
7029,7030,2.000,0.250,2,6,47.953,46.952,51.156,-1.340
7030,7031,2.000,0.250,2,6,47.967,46.965,51.154,-1.340
7031,7032,2.000,0.250,2,6,47.968,46.971,51.188,-1.340
7032,7033,2.000,0.250,2,6,47.971,46.968,51.193,-1.340
7033,7034,2.000,0.250,2,6,47.969,46.966,51.188,-1.340
7034,7035,2.000,0.250,2,6,47.970,46.968,51.179,-1.340
7035,7036,2.000,0.250,2,6,47.970,46.973,51.187,-1.340
7036,7037,2.000,0.250,2,6,47.966,46.967,51.178,-1.340
7037,7038,2.000,0.250,2,6,47.966,46.968,51.192,-1.340
7038,7039,2.000,0.250,2,6,47.969,46.969,51.191,-1.340
7040,7041,2.000,0.250,2,6,47.971,46.977,51.180,-1.340
7041,7042,2.000,0.250,2,6,47.962,46.963,51.184,-1.340
7043,7044,2.000,0.250,2,6,47.953,46.961,51.175,-1.340
7044,7045,2.000,0.250,2,6,47.955,46.959,51.176,-1.340
7045,7046,2.000,0.250,2,6,47.952,46.951,51.168,-1.340
7871,7872,4.008,0.250,2,6,43.807,43.480,45.532,0.232
7872,7873,4.008,0.250,2,6,43.806,43.459,45.536,0.232
7873,7874,4.008,0.250,2,6,43.798,45.504,45.531,0.232
7874,7875,4.008,0.250,2,6,43.801,45.501,45.529,0.232
7875,7876,4.008,0.250,2,6,43.800,45.511,45.518,0.232
7876,7877,4.008,0.250,2,6,43.798,43.473,45.521,0.232
7877,7878,4.008,0.250,2,6,43.798,43.463,45.533,0.232
7882,7883,4.008,0.250,2,6,43.796,45.521,45.553,0.235
7883,7884,4.008,0.250,2,6,43.799,45.538,45.556,0.235
7884,7885,4.008,0.250,2,6,43.812,45.528,45.555,0.235
7885,7886,4.008,0.250,2,6,43.819,45.550,45.571,0.235
7886,7887,4.008,0.250,2,6,43.811,45.542,45.571,0.235
7887,7888,4.008,0.250,2,6,43.813,45.541,45.565,0.235
7891,7892,4.008,0.250,2,6,43.747,43.695,44.689,0.230
7892,7893,4.008,0.250,2,6,43.753,43.781,44.654,0.230
7893,7894,4.008,0.250,2,6,43.758,43.656,44.633,0.230
7894,7895,4.008,0.250,2,6,43.765,43.703,44.667,0.230
7895,7896,4.008,0.250,2,6,43.749,43.650,44.674,0.230
7896,7897,4.008,0.250,2,6,43.756,43.685,44.658,0.230
7899,7900,4.008,0.250,2,6,43.755,43.711,44.695,0.230
7900,7901,4.008,0.250,2,6,43.751,43.658,44.669,0.230
7901,7902,4.008,0.250,2,6,43.764,43.733,44.695,0.230
7902,7903,4.008,0.250,2,6,43.769,43.687,44.677,0.230
7903,7904,4.008,0.250,2,6,43.762,43.719,44.696,0.230
7904,7905,4.008,0.250,2,6,43.769,43.703,44.664,0.230
7905,7906,4.008,0.250,2,6,43.758,43.741,44.667,0.230
7906,7907,4.008,0.250,2,6,43.760,43.693,44.654,0.230
7907,7908,4.008,0.250,2,6,43.750,43.680,44.658,0.230
7908,7909,4.008,0.250,2,6,43.751,43.726,44.591,0.230
7909,7910,4.008,0.250,2,6,43.750,43.614,44.656,0.197
7910,7911,4.008,0.250,2,6,43.765,43.610,44.692,0.197
7911,7912,4.008,0.250,2,6,43.720,43.577,44.669,0.197
7912,7913,4.008,0.250,2,6,43.708,43.550,44.585,0.197
7913,7914,4.008,0.250,2,6,43.709,43.641,44.644,0.197
7914,7915,4.008,0.250,2,6,43.743,43.606,44.600,0.197
7915,7916,4.008,0.250,2,6,43.753,43.624,44.635,0.197
7916,7917,4.008,0.250,2,6,43.741,43.581,44.666,0.197
7917,7918,4.008,0.250,2,6,43.734,43.575,44.653,0.197
7918,7919,4.008,0.250,2,6,43.712,43.628,44.350,0.197
7919,7920,4.008,0.250,2,6,43.738,43.642,44.661,0.197
7920,7921,4.008,0.250,2,6,43.739,43.604,44.611,0.197
7925,7926,4.008,0.250,2,6,43.738,43.605,44.635,0.197
7926,7927,4.008,0.250,2,6,43.739,43.631,44.624,0.197
7927,7928,4.008,0.250,2,6,43.719,43.586,44.622,0.197
7928,7929,4.008,0.250,2,6,43.740,43.621,44.699,0.197
7930,7931,4.008,0.250,2,6,43.772,43.507,44.661,0.197
7931,7932,4.008,0.250,2,6,43.716,43.646,44.633,0.197
7932,7933,4.008,0.250,2,6,43.730,43.598,44.612,0.197
7933,7934,4.008,0.250,2,6,43.738,43.636,44.641,0.197
7934,7935,4.008,0.250,2,6,43.739,43.618,44.658,0.197
7935,7936,4.008,0.250,2,6,43.725,43.596,44.617,0.197
7936,7937,4.008,0.250,2,6,43.727,43.646,44.652,0.197
7937,7938,4.008,0.250,2,6,43.724,43.576,44.645,0.197
7938,7939,4.008,0.250,2,6,43.746,43.654,44.656,0.197
7978,7979,4.008,0.250,2,6,43.778,43.782,44.506,2.050
7979,7980,4.008,0.250,2,6,43.776,43.761,44.538,2.050
7980,7981,4.008,0.250,2,6,43.777,43.776,44.499,2.050
7981,7982,4.008,0.250,2,6,43.778,43.790,44.518,2.050
7982,7983,4.008,0.250,2,6,43.775,43.751,44.483,2.050
7983,7984,4.008,0.250,2,6,43.773,43.769,44.477,2.050
7984,7985,4.008,0.250,2,6,43.774,43.774,44.488,2.050
7985,7986,4.008,0.250,2,6,43.766,43.771,44.497,2.050
7986,7987,4.008,0.250,2,6,43.778,43.793,44.511,2.050
7987,7988,4.008,0.250,2,6,43.781,43.849,44.515,2.050
7988,7989,4.008,0.250,2,6,43.772,43.805,44.507,2.050
7989,7990,4.008,0.250,2,6,43.789,43.808,44.501,2.050
7994,7995,4.008,0.250,2,6,43.784,43.785,44.504,4.000
7995,7996,4.008,0.250,2,6,43.781,43.803,44.497,4.000
7996,7997,4.008,0.250,2,6,43.790,43.822,44.512,4.000
7997,7998,4.008,0.250,2,6,43.779,43.786,44.506,4.000
7998,7999,4.008,0.250,2,6,43.755,43.629,44.587,4.000
7999,8000,4.008,0.250,2,6,43.778,43.788,44.487,4.000
8000,8001,4.008,0.250,2,6,43.783,43.795,44.510,4.000
8001,8002,4.008,0.250,2,6,43.773,43.762,44.493,4.000
8002,8003,4.008,0.250,2,6,43.774,43.794,44.522,4.000
8003,8004,4.008,0.250,2,6,43.780,43.848,44.516,0.061
8004,8005,4.008,0.250,2,6,43.775,43.939,44.546,0.061
8005,8006,4.008,0.250,2,6,43.785,43.844,44.536,0.061
8006,8007,4.008,0.250,2,6,43.788,43.865,44.517,0.061
8007,8008,4.008,0.250,2,6,43.791,43.788,44.543,0.061
8008,8009,4.008,0.250,2,6,43.789,43.826,44.546,0.061
8009,8010,4.008,0.250,2,6,43.794,43.870,44.555,0.061
8010,8011,4.008,0.250,2,6,43.790,43.808,44.550,0.061
8011,8012,4.008,0.250,2,6,43.793,43.902,44.556,0.061
8012,8013,4.008,0.250,2,6,43.781,43.854,44.515,0.061
8013,8014,4.008,0.250,2,6,43.786,43.847,44.522,0.061
8014,8015,4.008,0.250,2,6,43.779,43.867,44.537,0.061
8015,8016,4.008,0.250,2,6,43.780,43.823,44.530,0.061
8016,8017,4.008,0.250,2,6,43.768,43.898,44.503,0.061
8018,8019,4.008,0.250,2,6,43.777,43.865,44.559,0.061
8020,8021,4.008,0.250,2,6,43.781,43.846,44.536,0.061
8021,8022,4.008,0.250,2,6,43.775,43.885,44.504,0.061
8022,8023,4.008,0.250,2,6,43.777,43.824,44.512,0.061
8023,8024,4.008,0.250,2,6,43.777,43.794,44.510,0.061
8024,8025,4.008,0.250,2,6,43.784,43.833,44.496,0.061
8025,8026,4.008,0.250,2,6,43.748,43.771,44.533,0.061
8026,8027,4.008,0.250,2,6,43.766,43.872,44.520,0.061
8027,8028,4.008,0.250,2,6,43.786,43.831,44.534,0.061
8028,8029,4.008,0.250,2,6,43.777,43.857,44.542,0.061
8029,8030,4.008,0.250,2,6,43.784,43.863,44.538,0.061
8030,8031,4.008,0.250,2,6,43.794,43.831,44.538,0.061
8031,8032,4.008,0.250,2,6,43.789,43.818,44.504,0.061
8032,8033,4.008,0.250,2,6,43.798,43.835,44.560,0.061
8033,8034,4.008,0.250,2,6,43.775,43.843,44.497,0.061
8034,8035,4.008,0.250,2,6,43.785,43.941,44.534,0.061
8035,8036,4.008,0.250,2,6,43.789,43.840,44.538,0.061
8036,8037,4.008,0.250,2,6,43.780,43.838,44.535,0.061
8039,8040,4.008,0.250,2,6,43.729,43.655,44.256,0.020
8040,8041,4.008,0.250,2,6,43.734,43.661,44.275,0.020
8041,8042,4.008,0.250,2,6,43.735,43.678,44.282,0.020
8042,8043,4.008,0.250,2,6,43.731,43.682,44.231,0.020
8044,8045,4.008,0.250,2,6,43.730,43.656,44.237,0.020
8045,8046,4.008,0.250,2,6,43.722,43.677,44.234,0.020
8046,8047,4.008,0.250,2,6,43.724,43.669,44.254,0.020
8047,8048,4.008,0.250,2,6,43.717,43.660,44.254,0.020
8048,8049,4.008,0.250,2,6,43.733,43.668,44.292,0.020
8050,8051,4.008,0.250,2,6,43.721,43.665,44.303,-1.950
8051,8052,4.008,0.250,2,6,43.726,43.670,44.266,-1.950
8052,8053,4.008,0.250,2,6,43.726,43.669,44.210,-1.950
8053,8054,4.008,0.250,2,6,43.725,43.677,44.270,-1.950
8055,8056,4.008,0.250,2,6,43.738,43.722,44.208,-1.950
8056,8057,4.008,0.250,2,6,43.742,43.705,44.280,-1.950
8057,8058,4.008,0.250,2,6,43.737,43.710,44.317,-1.950
8058,8059,4.008,0.250,2,6,43.738,43.687,44.332,-1.950
8059,8060,4.008,0.250,2,6,43.735,43.714,44.269,-1.950
8060,8061,4.008,0.250,2,6,43.733,43.707,44.293,-1.950
8061,8062,4.008,0.250,2,6,43.744,43.690,44.303,-1.950
8063,8064,4.008,0.250,2,6,43.738,43.711,44.245,-1.950
8064,8065,4.008,0.250,2,6,43.739,43.706,44.324,-1.950
8065,8066,4.008,0.250,2,6,43.736,43.686,44.268,-1.950
8067,8068,4.008,0.250,2,6,43.720,43.672,44.232,-1.950
8068,8069,4.008,0.250,2,6,43.730,43.685,44.291,-1.950
8069,8070,4.008,0.250,2,6,43.724,43.646,44.274,-1.950
8070,8071,4.008,0.250,2,6,43.728,43.681,44.281,-1.950
8071,8072,4.008,0.250,2,6,43.726,43.668,44.249,-1.950
8073,8074,4.008,0.250,2,6,43.725,43.693,44.270,-1.950
8074,8075,4.008,0.250,2,6,43.727,43.688,44.277,-1.950
8075,8076,4.008,0.250,2,6,43.736,43.676,44.264,-1.950
8076,8077,4.008,0.250,2,6,43.747,43.690,44.225,-1.950
8077,8078,4.008,0.250,2,6,43.734,43.667,44.295,-1.950
8078,8079,4.008,0.250,2,6,43.729,43.695,44.260,-1.950
8079,8080,4.008,0.250,2,6,43.741,43.689,44.289,-1.950
8080,8081,4.008,0.250,2,6,43.738,43.678,44.266,-1.950
8081,8082,4.008,0.250,2,6,43.730,43.694,44.239,-1.950
8082,8083,4.008,0.250,2,6,43.733,43.687,44.266,-1.950
8083,8084,4.008,0.250,2,6,43.732,43.677,44.265,-1.950
8084,8085,4.008,0.250,2,6,43.740,43.691,44.257,-1.950
8088,8089,4.008,0.250,2,6,43.737,43.684,44.335,-1.950
8089,8090,4.008,0.250,2,6,43.739,43.720,44.274,-1.950
8090,8091,4.008,0.250,2,6,43.742,43.710,44.258,-1.950
8091,8092,4.008,0.250,2,6,43.746,43.702,44.241,-1.950
8092,8093,4.008,0.250,2,6,43.742,43.707,44.261,-1.950
8093,8094,4.008,0.250,2,6,43.743,43.693,44.268,-1.950
8094,8095,4.008,0.250,2,6,43.732,43.692,44.263,-1.950
8095,8096,4.008,0.250,2,6,43.740,43.673,44.278,-1.950
8096,8097,4.008,0.250,2,6,43.722,43.661,44.281,-1.950
8097,8098,4.008,0.250,2,6,43.731,43.674,44.250,-1.950
8098,8099,4.008,0.250,2,6,43.745,43.687,44.288,-1.950
8099,8100,4.008,0.250,2,6,43.736,43.695,44.264,-1.950
8100,8101,4.008,0.250,2,6,43.735,43.661,44.276,-1.950
8101,8102,4.008,0.250,2,6,43.740,43.662,44.277,-1.950
8102,8103,4.008,0.250,2,6,43.731,43.667,44.241,-1.950
8103,8104,4.008,0.250,2,6,43.734,43.671,44.291,-1.950
8104,8105,4.008,0.250,2,6,43.737,43.663,44.315,-1.950
8105,8106,4.008,0.250,2,6,43.734,43.679,44.271,-1.950
8106,8107,4.008,0.250,2,6,43.732,43.680,44.310,-1.950
8107,8108,4.008,0.250,2,6,43.730,43.695,44.257,-1.950
8108,8109,4.008,0.250,2,6,43.746,43.668,44.310,-1.950
8109,8110,4.008,0.250,2,6,43.733,43.670,44.205,-1.950
8110,8111,4.008,0.250,2,6,43.745,43.665,44.293,-1.950
8111,8112,4.008,0.250,2,6,43.781,43.751,44.435,-1.950
8112,8113,4.008,0.250,2,6,43.772,43.782,44.335,-1.950
8113,8114,4.008,0.250,2,6,43.773,43.805,44.386,-1.950
8116,8117,4.008,0.250,2,6,43.761,43.770,44.372,-1.950
8117,8118,4.008,0.250,2,6,43.747,43.801,44.353,-1.950
8117,8118,4.008,0.250,2,6,43.747,43.801,44.353,-1.950
8118,8119,4.008,0.250,2,6,43.759,43.789,44.344,-1.950
8119,8120,4.008,0.250,2,6,43.762,43.772,44.298,-1.950
8120,8121,4.008,0.250,2,6,43.777,43.835,44.446,-1.950
8121,8122,4.008,0.250,2,6,43.758,43.776,44.313,-1.950
8122,8123,4.008,0.250,2,6,43.765,43.798,44.358,-1.950
8123,8124,4.008,0.250,2,6,43.770,43.795,44.342,-1.950
8123,8124,4.008,0.250,2,6,43.770,43.795,44.342,-1.950
8124,8125,4.008,0.250,2,6,43.757,43.737,44.309,-1.950
8125,8126,4.008,0.250,2,6,43.765,43.786,44.349,-1.950
8126,8127,4.008,0.250,2,6,43.774,43.791,44.371,-1.950
8127,8128,4.008,0.250,2,6,43.767,43.788,44.357,-1.950
8128,8129,4.008,0.250,2,6,43.764,43.789,44.346,-1.950
8129,8130,4.008,0.250,2,6,43.768,43.753,44.355,-1.950
8135,8136,4.008,0.250,2,6,43.771,43.765,44.353,-1.950
8136,8137,4.008,0.250,2,6,43.775,43.824,44.310,-1.950
8137,8138,4.008,0.250,2,6,43.741,43.772,44.318,-1.950
8138,8139,4.008,0.250,2,6,43.773,43.798,44.361,-1.950
8140,8141,4.008,0.250,2,6,43.794,43.823,44.336,-1.950
8141,8142,4.008,0.250,2,6,43.747,43.730,44.291,-1.950
8142,8143,4.008,0.250,2,6,43.776,43.804,44.376,-1.950
8143,8144,4.008,0.250,2,6,43.762,43.789,44.320,-1.950
8144,8145,4.008,0.250,2,6,43.781,43.830,44.351,-1.950
8145,8146,4.008,0.250,2,6,43.778,43.825,44.378,-1.950
8146,8147,4.008,0.250,2,6,43.790,43.829,44.365,-1.950
8147,8148,4.008,0.250,2,6,43.784,43.786,44.358,-1.950
8148,8149,4.008,0.250,2,6,43.775,43.802,44.361,-1.950
8149,8150,4.008,0.250,2,6,43.779,43.816,44.348,-1.950
8150,8151,4.008,0.250,2,6,43.778,43.798,44.353,-1.950
8152,8153,4.008,0.250,2,6,43.784,43.815,44.350,-1.950
8153,8154,4.008,0.250,2,6,43.789,43.806,44.341,-1.950
8154,8155,4.008,0.250,2,6,43.779,43.800,44.394,-1.950
8156,8157,4.008,0.250,2,6,43.774,43.782,44.357,-1.950
8157,8158,4.008,0.250,2,6,43.770,43.794,44.408,-1.950
8158,8159,4.008,0.250,2,6,43.788,43.799,44.393,-1.950
8159,8160,4.008,0.250,2,6,43.780,43.807,44.379,-1.950
8160,8161,4.008,0.250,2,6,43.762,43.797,44.324,-1.950
8165,8166,4.008,0.250,2,6,43.779,43.818,44.379,-1.950
8166,8167,4.008,0.250,2,6,43.772,43.820,44.330,-1.950
8167,8168,4.008,0.250,2,6,43.777,43.809,44.364,-1.950
8168,8169,4.008,0.250,2,6,43.773,43.790,44.373,-1.950
8169,8170,4.008,0.250,2,6,43.786,43.834,44.349,-1.950
8170,8171,4.008,0.250,2,6,43.786,43.823,44.376,-1.950
8171,8172,4.008,0.250,2,6,43.787,43.837,44.383,-1.950
8172,8173,4.008,0.250,2,6,43.775,43.829,44.368,-1.950
8173,8174,4.008,0.250,2,6,43.787,43.837,44.382,-1.950
8174,8175,4.008,0.250,2,6,43.776,43.809,44.383,-1.950
8175,8176,4.008,0.250,2,6,43.757,43.781,44.365,-1.950
8176,8177,4.008,0.250,2,6,43.767,43.812,44.334,-1.950
8177,8178,4.008,0.250,2,6,43.782,43.827,44.358,-1.950
8178,8179,4.008,0.250,2,6,43.791,43.830,44.387,-1.950
8179,8180,4.008,0.250,2,6,43.767,43.776,44.298,-1.950
8180,8181,4.008,0.250,2,6,43.753,43.763,44.319,-1.950
8181,8182,4.008,0.250,2,6,43.756,43.791,44.424,0.050
8182,8183,4.008,0.250,2,6,43.742,43.758,44.332,0.050
8183,8184,4.008,0.250,2,6,43.759,43.781,44.329,0.050
8184,8185,4.008,0.250,2,6,43.777,43.786,44.326,0.050
8185,8186,4.008,0.250,2,6,43.782,43.739,44.368,0.050
8186,8187,4.008,0.250,2,6,43.805,43.833,44.092,0.050
8187,8188,4.008,0.250,2,6,43.765,43.755,44.221,0.050
8188,8189,4.008,0.250,2,6,43.778,43.810,44.265,0.050
8189,8190,4.008,0.250,2,6,43.746,43.741,44.071,0.050
8190,8191,4.008,0.250,2,6,43.722,43.783,44.436,0.050
8191,8192,4.008,0.250,2,6,43.795,43.864,44.357,0.050
8192,8193,4.008,0.250,2,6,43.718,43.800,44.001,0.050
8193,8194,4.008,0.250,2,6,43.770,43.809,44.181,0.050
8194,8195,4.008,0.250,2,6,43.753,43.881,44.085,0.050
8195,8196,4.008,0.250,2,6,43.775,43.879,44.372,0.050
8196,8197,4.008,0.250,2,6,43.741,43.878,44.117,0.050
8197,8198,4.008,0.250,2,6,43.719,43.841,44.260,0.050
8198,8199,4.008,0.250,2,6,43.759,43.825,44.240,0.050
8199,8200,4.008,0.250,2,6,43.799,43.786,44.381,0.050
8200,8201,4.008,0.250,2,6,43.734,43.865,44.460,0.050
8201,8202,4.008,0.250,2,6,43.768,43.826,43.875,0.050
8202,8203,4.008,0.250,2,6,43.787,43.859,43.936,0.050
8203,8204,4.008,0.250,2,6,43.740,43.826,44.279,0.050
8204,8205,4.008,0.250,2,6,43.743,43.704,43.375,0.050
8205,8206,4.008,0.250,2,6,43.730,43.781,20.875,0.050
8206,8207,4.008,0.250,2,6,43.755,43.914,44.249,0.050
8207,8208,4.008,0.250,2,6,43.771,43.835,44.318,0.050
8212,8213,4.008,0.250,2,6,43.760,43.814,44.269,0.050
8213,8214,4.008,0.250,2,6,43.747,43.943,44.256,0.050
8214,8215,4.008,0.250,2,6,43.743,43.866,44.411,0.050
8215,8216,4.008,0.250,2,6,43.764,43.876,44.186,0.050
8216,8217,4.008,0.250,2,6,43.741,43.838,44.184,0.050
8217,8218,4.008,0.250,2,6,43.768,43.738,44.125,0.050
8218,8219,4.008,0.250,2,6,43.762,43.785,44.244,0.050
8219,8220,4.008,0.250,2,6,43.737,43.922,43.874,0.050
8220,8221,4.008,0.250,2,6,43.762,43.843,44.467,0.050
8221,8222,4.008,0.250,2,6,43.775,43.868,44.341,0.050
8222,8223,4.008,0.250,2,6,43.783,43.863,44.231,0.050
8223,8224,4.008,0.250,2,6,43.783,43.794,44.298,0.050
8224,8225,4.008,0.250,2,6,43.776,43.868,44.411,0.050
8225,8226,4.008,0.250,2,6,43.744,43.883,44.335,0.050
8226,8227,4.008,0.250,2,6,43.743,43.830,44.318,0.050
8227,8228,4.008,0.250,2,6,43.762,43.811,44.226,0.050
8228,8229,4.008,0.250,2,6,43.775,43.861,44.236,0.050
8229,8230,4.008,0.250,2,6,43.778,43.919,44.270,0.050
8230,8231,4.008,0.250,2,6,43.754,43.813,44.243,0.050
8231,8232,4.008,0.250,2,6,43.782,43.839,44.304,0.050
8232,8233,4.008,0.250,2,6,43.768,43.866,44.315,0.050
8233,8234,4.008,0.250,2,6,43.760,43.888,44.625,0.050
8234,8235,4.008,0.250,2,6,43.730,43.911,44.188,0.050
8235,8236,4.008,0.250,2,6,43.721,43.839,44.188,0.050
8236,8237,4.008,0.250,2,6,43.747,43.802,44.536,0.050
8237,8238,4.008,0.250,2,6,43.774,43.871,44.125,0.050
8238,8239,4.008,0.250,2,6,43.761,43.793,44.261,0.050
8239,8240,4.008,0.250,2,6,43.751,43.904,44.467,0.050
8240,8241,4.008,0.250,2,6,43.714,43.823,44.250,0.050
8241,8242,4.008,0.250,2,6,43.745,43.785,43.966,0.050
8242,8243,4.008,0.250,2,6,43.735,43.773,44.414,0.050
8243,8244,4.008,0.250,2,6,43.758,43.863,43.847,0.050
8244,8245,4.008,0.250,2,6,43.764,43.962,44.292,0.050
8245,8246,4.008,0.250,2,6,43.775,43.859,44.284,0.050
8246,8247,4.008,0.250,2,6,43.773,43.835,44.260,0.050
8252,8253,4.008,0.250,2,6,43.755,43.776,44.163,0.020
8253,8254,4.008,0.250,2,6,43.757,43.854,44.152,0.020
8254,8255,4.008,0.250,2,6,43.742,43.796,44.125,0.020
8255,8256,4.008,0.250,2,6,43.737,43.765,44.296,0.020
8256,8257,4.008,0.250,2,6,43.733,43.737,44.123,0.020
8267,8268,4.008,0.250,2,6,43.750,43.761,44.494,0.020
8268,8269,4.008,0.250,2,6,43.759,43.775,44.085,0.020
8269,8270,4.008,0.250,2,6,43.733,43.708,16.394,0.020
8270,8271,4.008,0.250,2,6,43.731,43.799,44.424,0.020
8271,8272,4.008,0.250,2,6,43.768,43.735,43.875,0.020
8272,8273,4.008,0.250,2,6,43.750,43.791,44.191,0.020
8273,8274,4.008,0.250,2,6,43.761,43.780,44.110,0.020
8274,8275,4.008,0.250,2,6,43.747,43.824,44.212,0.020
8275,8276,4.008,0.250,2,6,43.780,43.790,44.372,0.020
8276,8277,4.008,0.250,2,6,43.724,43.730,44.146,0.020
8277,8278,4.008,0.250,2,6,43.737,43.727,44.751,0.020
8278,8279,4.008,0.250,2,6,43.735,43.788,44.254,0.020
8279,8280,4.008,0.250,2,6,43.753,43.778,44.351,0.020
8280,8281,4.008,0.250,2,6,43.731,43.728,44.625,0.020
8281,8282,4.008,0.250,2,6,43.751,43.723,44.317,0.020
8282,8283,4.008,0.250,2,6,43.746,43.827,43.875,0.020
8284,8285,4.008,0.250,2,6,43.743,43.789,44.125,0.020
8285,8286,4.008,0.250,2,6,43.743,43.656,45.125,0.020
8286,8287,4.008,0.250,2,6,43.746,43.762,44.159,0.020
8287,8288,4.008,0.250,2,6,43.785,43.763,44.316,0.020
8288,8289,4.008,0.250,2,6,43.746,43.851,44.246,0.020
8289,8290,4.008,0.250,2,6,43.742,43.751,43.996,0.020
8290,8291,4.008,0.250,2,6,43.707,43.731,44.101,0.020
8291,8292,4.008,0.250,2,6,43.761,43.748,44.178,0.020
8292,8293,4.008,0.250,2,6,43.729,43.829,44.286,0.020
8293,8294,4.008,0.250,2,6,43.739,43.747,44.415,0.020
8294,8295,4.008,0.250,2,6,43.741,43.784,44.338,0.020
8295,8296,4.008,0.250,2,6,43.761,43.801,44.241,0.020
8296,8297,4.008,0.250,2,6,43.703,43.869,44.175,0.020
8297,8298,4.008,0.250,2,6,43.764,43.841,43.935,0.020
8298,8299,4.008,0.250,2,6,43.739,43.871,44.647,0.020
8304,8305,4.008,0.250,2,6,43.733,43.787,44.202,0.030
8305,8306,4.008,0.250,2,6,43.758,43.796,44.334,0.030
8306,8307,4.008,0.250,2,6,43.739,43.750,44.306,0.030
8307,8308,4.008,0.250,2,6,43.757,43.737,44.054,0.030
8308,8309,4.008,0.250,2,6,43.742,43.752,44.629,0.030
8309,8310,4.008,0.250,2,6,43.771,43.780,43.976,0.030
8310,8311,4.008,0.250,2,6,43.710,43.717,44.456,0.030
8311,8312,4.008,0.250,2,6,43.734,43.829,44.033,0.030
8312,8313,4.008,0.250,2,6,43.765,43.765,45.125,0.030
8313,8314,4.008,0.250,2,6,43.775,43.674,44.126,0.030
8318,8319,4.008,0.250,2,6,43.767,43.788,44.351,-1.990
8319,8320,4.008,0.250,2,6,43.735,43.817,43.375,-1.990
8320,8321,4.008,0.250,2,6,43.742,43.773,44.169,-1.990
8321,8322,4.008,0.250,2,6,43.733,43.810,44.073,-1.990
8322,8323,4.008,0.250,2,6,43.743,43.790,44.229,-1.990
8323,8324,4.008,0.250,2,6,43.729,43.790,44.046,-1.990
8324,8325,4.008,0.250,2,6,43.718,43.734,44.229,-1.990
8325,8326,4.008,0.250,2,6,43.725,43.790,44.198,-1.990
8326,8327,4.008,0.250,2,6,43.736,43.788,44.125,-1.990
8327,8328,4.008,0.250,2,6,43.761,43.784,44.230,-1.990
8328,8329,4.008,0.250,2,6,43.747,43.816,44.223,-1.990
8329,8330,4.008,0.250,2,6,43.703,43.825,44.875,-1.990
8330,8331,4.008,0.250,2,6,43.739,43.699,44.698,-1.990
8331,8332,4.008,0.250,2,6,43.747,43.803,44.417,-1.990
8332,8333,4.008,0.250,2,6,43.708,43.786,44.010,-1.990
8333,8334,4.008,0.250,2,6,43.731,43.776,44.161,-1.990
8334,8335,4.008,0.250,2,6,43.399,23.875,44.875,-1.990
8335,8336,4.008,0.250,2,6,43.762,43.708,20.346,-1.990
8336,8337,4.008,0.250,2,6,43.719,43.775,44.196,-1.990
8337,8338,4.008,0.250,2,6,43.747,43.801,44.239,-1.990
8338,8339,4.008,0.250,2,6,43.788,43.779,44.293,-1.990
8339,8340,4.008,0.250,2,6,43.792,43.809,44.625,-1.990
8340,8341,4.008,0.250,2,6,43.727,43.765,44.125,-1.990
8341,8342,4.008,0.250,2,6,43.765,43.839,44.304,-1.990
8342,8343,4.008,0.250,2,6,43.751,43.704,44.146,-1.990
8343,8344,4.008,0.250,2,6,43.759,43.801,44.189,-1.990
8344,8345,4.008,0.250,2,6,43.743,43.722,44.063,-1.990
8345,8346,4.008,0.250,2,6,43.753,43.727,44.440,-1.990
8346,8347,4.008,0.250,2,6,43.745,43.777,44.351,-1.990
8347,8348,4.008,0.250,2,6,43.731,43.792,44.321,-1.990
8348,8349,4.008,0.250,2,6,43.751,43.806,44.107,-1.990
8349,8350,4.008,0.250,2,6,43.730,43.730,44.263,-1.990
8350,8351,4.008,0.250,2,6,43.757,43.753,44.266,-1.990
8351,8352,4.008,0.250,2,6,43.741,43.777,44.141,-1.990
8352,8353,4.008,0.250,2,6,43.748,43.820,44.141,-1.990
8353,8354,4.008,0.250,2,6,43.708,43.823,44.019,-1.990
8354,8355,4.008,0.250,2,6,43.797,43.807,44.125,-1.990
8355,8356,4.008,0.250,2,6,44.375,11.875,12.625,-1.990
8356,8357,4.008,0.250,2,6,43.721,43.862,44.250,-1.990
8497,8498,4.008,0.250,2,6,43.962,42.753,48.010,-1.990
8498,8499,4.008,0.250,2,6,43.970,42.752,48.087,-1.990
8500,8501,4.008,0.250,2,6,43.976,42.723,48.055,-1.990
8503,8504,4.008,0.250,2,6,44.051,42.733,48.167,-1.990
8504,8505,4.008,0.250,2,6,43.992,42.743,48.069,-1.990
8505,8506,4.008,0.250,2,6,43.888,42.746,48.077,-1.990
8506,8507,4.008,0.250,2,6,43.944,42.758,48.102,-1.990
8509,8510,4.008,0.250,2,6,43.929,42.763,48.034,-1.990
8510,8511,4.008,0.250,2,6,43.899,42.747,48.036,-1.990
8511,8512,4.008,0.250,2,6,43.969,42.765,48.014,-1.990
8512,8513,4.008,0.250,2,6,43.886,42.751,47.962,-1.990
8513,8514,4.008,0.250,2,6,43.963,42.717,47.909,-1.990
8514,8515,4.008,0.250,2,6,43.950,42.726,47.948,-1.990
8515,8516,4.008,0.250,2,6,43.968,42.743,47.935,-1.990
8519,8520,4.008,0.250,2,6,44.093,42.761,48.194,-1.990
8522,8523,4.008,0.250,2,6,43.969,42.800,48.065,-1.990
8523,8524,4.008,0.250,2,6,43.979,42.789,48.029,-1.990
8524,8525,4.008,0.250,2,6,44.037,42.787,48.048,-1.990
8525,8526,4.008,0.250,2,6,43.974,42.770,48.055,-1.990
8526,8527,4.008,0.250,2,6,43.976,42.782,48.026,-1.990
8527,8528,4.008,0.250,2,6,43.989,42.789,48.064,-1.990
8528,8529,4.008,0.250,2,6,43.999,42.780,48.085,-1.990
8530,8531,4.008,0.250,2,6,44.011,42.806,48.104,-1.990
8531,8532,4.008,0.250,2,6,44.071,42.788,48.093,-1.990
8532,8533,4.008,0.250,2,6,44.029,42.792,48.106,-1.990
8533,8534,4.008,0.250,2,6,44.016,42.793,48.105,-1.990
8534,8535,4.008,0.250,2,6,43.982,42.772,48.103,-1.990
8535,8536,4.008,0.250,2,6,43.998,42.784,48.112,-1.990
8536,8537,4.008,0.250,2,6,44.007,42.779,48.076,-1.990
8537,8538,4.008,0.250,2,6,44.009,42.757,48.170,-1.990
8538,8539,4.008,0.250,2,6,44.021,42.760,48.159,-1.990
8539,8540,4.008,0.250,2,6,44.014,42.749,48.182,-1.990
8540,8541,4.008,0.250,2,6,43.981,42.752,48.178,-1.990
8544,8545,4.008,0.250,2,6,43.957,42.724,48.085,-1.990
8545,8546,4.008,0.250,2,6,43.939,42.719,48.096,-1.990
8546,8547,4.008,0.250,2,6,44.012,42.741,48.114,-1.990
8547,8548,4.008,0.250,2,6,43.995,42.745,48.111,-1.990
8573,8574,4.008,0.250,2,6,44.089,42.877,47.799,-1.990
8574,8575,4.008,0.250,2,6,44.083,42.887,47.866,-1.990
8575,8576,4.008,0.250,2,6,44.072,42.880,47.815,-1.990
8576,8577,4.008,0.250,2,6,44.092,42.903,47.836,-1.990
8577,8578,4.008,0.250,2,6,44.044,42.898,47.818,-1.990
8578,8579,4.008,0.250,2,6,43.974,42.880,47.870,-1.990
8579,8580,4.008,0.250,2,6,44.079,42.896,47.824,-1.990
8580,8581,4.008,0.250,2,6,44.083,42.903,47.812,-1.990
8581,8582,4.008,0.250,2,6,44.044,42.891,47.797,-1.990
8582,8583,4.008,0.250,2,6,43.996,42.880,47.845,-1.990
8583,8584,4.008,0.250,2,6,44.044,42.898,47.816,-1.990
8584,8585,4.008,0.250,2,6,44.044,42.892,47.816,-1.990
8585,8586,4.008,0.250,2,6,44.003,42.768,48.084,-1.990
8586,8587,4.008,0.250,2,6,44.022,42.775,48.118,-1.990
8587,8588,4.008,0.250,2,6,44.011,42.765,48.096,-1.990
8603,8604,4.008,0.250,2,6,44.069,42.839,48.151,-1.990
8604,8605,4.008,0.250,2,6,44.074,42.835,48.165,-1.990
8605,8606,4.008,0.250,2,6,44.087,42.841,48.162,-1.990
8606,8607,4.008,0.250,2,6,44.070,42.840,48.169,-1.990
8607,8608,4.008,0.250,2,6,44.089,42.849,48.174,-1.990
8608,8609,4.008,0.250,2,6,44.075,42.847,48.170,-1.990
8609,8610,4.008,0.250,2,6,44.078,42.852,48.171,-1.990
8610,8611,4.008,0.250,2,6,44.084,42.858,48.183,-1.990
8611,8612,4.008,0.250,2,6,44.087,42.849,48.155,-1.990
8612,8613,4.008,0.250,2,6,44.069,42.857,48.183,-1.990
8613,8614,4.008,0.250,2,6,44.088,42.853,48.170,-1.990
8614,8615,4.008,0.250,2,6,44.077,42.848,48.177,-1.990
8615,8616,4.008,0.250,2,6,44.106,42.859,48.198,-1.990
8616,8617,4.008,0.250,2,6,44.027,42.830,48.217,-1.990
8617,8618,4.008,0.250,2,6,44.078,42.845,48.162,-1.990
8618,8619,4.008,0.250,2,6,44.092,42.847,48.188,-1.990
8620,8621,4.008,0.250,2,6,43.977,42.764,48.191,-1.990
8621,8622,4.008,0.250,2,6,44.038,42.816,48.203,-1.990
8622,8623,4.008,0.250,2,6,44.096,42.842,48.181,-1.990
8623,8624,4.008,0.250,2,6,44.091,42.839,48.204,-1.990
8624,8625,4.008,0.250,2,6,44.108,42.850,48.192,-1.990
8625,8626,4.008,0.250,2,6,44.070,42.842,48.179,-1.990
8626,8627,4.008,0.250,2,6,44.092,42.846,48.216,-1.990
8627,8628,4.008,0.250,2,6,44.091,42.843,48.189,-1.990
8628,8629,4.008,0.250,2,6,44.132,42.846,48.234,-1.990
8629,8630,4.008,0.250,2,6,44.108,42.836,48.200,-1.990
8630,8631,4.008,0.250,2,6,44.129,42.849,48.241,-1.990
8631,8632,4.008,0.250,2,6,44.098,42.845,48.230,-1.990
8632,8633,4.008,0.250,2,6,44.114,42.850,48.219,-1.990
8633,8634,4.008,0.250,2,6,44.123,42.843,48.227,-1.990
8634,8635,4.008,0.250,2,6,44.107,42.845,48.234,-1.990
8635,8636,4.008,0.250,2,6,44.089,42.834,48.210,-1.990
8636,8637,4.008,0.250,2,6,44.109,42.841,48.203,-1.990
8661,8662,4.008,0.250,2,6,44.048,42.909,47.826,-1.990
8662,8663,4.008,0.250,2,6,44.108,42.926,47.824,-1.990
8663,8664,4.008,0.250,2,6,44.043,42.919,47.862,-1.990
8664,8665,4.008,0.250,2,6,44.066,42.916,47.847,-1.990
8665,8666,4.008,0.250,2,6,44.033,42.923,47.829,-1.990
8666,8667,4.008,0.250,2,6,44.069,42.925,47.851,-1.990
8667,8668,4.008,0.250,2,6,43.975,42.926,47.796,-1.990
8668,8669,4.008,0.250,2,6,44.028,42.929,47.851,-1.990
8669,8670,4.008,0.250,2,6,44.084,42.924,47.851,-1.990
8670,8671,4.008,0.250,2,6,44.061,42.913,47.853,-1.990
8671,8672,4.008,0.250,2,6,44.060,42.916,47.848,-1.990
8672,8673,4.008,0.250,2,6,44.043,42.922,47.859,-1.990
8673,8674,4.008,0.250,2,6,44.097,42.915,47.870,-1.990
8674,8675,4.008,0.250,2,6,44.035,42.886,47.810,-1.990
8675,8676,4.008,0.250,2,6,44.017,42.900,47.854,-1.990
8676,8677,4.008,0.250,2,6,43.955,42.908,47.859,-1.990
8677,8678,4.008,0.250,2,6,44.081,42.897,47.836,-1.990
8678,8679,4.008,0.250,2,6,44.044,42.882,47.836,-1.990
8679,8680,4.008,0.250,2,6,44.027,42.869,47.824,-1.990
8681,8682,4.008,0.250,2,6,44.070,42.820,48.076,-1.990
8683,8684,4.008,0.250,2,6,44.067,42.822,48.065,-1.990
8684,8685,4.008,0.250,2,6,44.069,42.819,48.076,-1.990
8686,8687,4.008,0.250,2,6,44.081,42.853,48.147,-1.990
8687,8688,4.008,0.250,2,6,44.064,42.806,48.056,-1.990
8688,8689,4.008,0.250,2,6,44.062,42.824,48.087,-1.990
8689,8690,4.008,0.250,2,6,44.069,42.822,48.073,-1.990
8690,8691,4.008,0.250,2,6,44.099,42.843,48.115,-1.990
8691,8692,4.008,0.250,2,6,44.104,42.839,48.122,-1.990
8692,8693,4.008,0.250,2,6,44.104,42.844,48.117,-1.990
8693,8694,4.008,0.250,2,6,44.076,42.826,48.110,-1.990
8695,8696,4.008,0.250,2,6,44.091,42.838,48.110,-1.990
8696,8697,4.008,0.250,2,6,44.097,42.829,48.105,-1.990
8697,8698,4.008,0.250,2,6,44.121,42.865,48.159,-1.990
8698,8699,4.008,0.250,2,6,44.079,42.820,48.123,-1.990
8699,8700,4.008,0.250,2,6,44.116,42.855,48.163,-1.990
8704,8705,4.008,0.250,2,6,44.088,42.831,48.144,-1.990
8705,8706,4.008,0.250,2,6,44.078,42.821,48.138,-1.990
8706,8707,4.008,0.250,2,6,44.102,42.845,48.190,-1.990
8707,8708,4.008,0.250,2,6,44.077,42.819,48.144,-1.990
8708,8709,4.008,0.250,2,6,44.056,42.812,48.231,-1.990
8709,8710,4.008,0.250,2,6,44.080,42.820,48.141,-1.990
8711,8712,4.008,0.250,2,6,44.111,42.833,48.212,-1.990
8712,8713,4.008,0.250,2,6,44.097,42.823,48.169,-1.990
8713,8714,4.008,0.250,2,6,44.095,42.819,48.185,-1.990
8714,8715,4.008,0.250,2,6,44.090,42.816,48.161,-1.990
8715,8716,4.008,0.250,2,6,44.094,42.811,48.151,-1.990
8716,8717,4.008,0.250,2,6,44.096,42.812,48.164,-1.990
8717,8718,4.008,0.250,2,6,44.087,42.812,48.157,-1.990
8718,8719,4.008,0.250,2,6,44.114,42.844,48.215,-1.990
8721,8722,4.008,0.250,2,6,44.088,42.817,48.203,-1.990
8722,8723,4.008,0.250,2,6,44.104,42.827,48.229,-1.990
8723,8724,4.008,0.250,2,6,44.105,42.815,48.221,-1.990
8724,8725,4.008,0.250,2,6,44.124,42.837,48.254,-1.990
8725,8726,4.008,0.250,2,6,44.118,42.826,48.230,-1.990
8726,8727,4.008,0.250,2,6,44.124,42.807,48.250,-1.990
8727,8728,4.008,0.250,2,6,44.135,42.832,48.283,-1.990
8728,8729,4.008,0.250,2,6,44.109,42.810,48.262,-1.990
8729,8730,4.008,0.250,2,6,44.121,42.828,48.270,-1.990
8730,8731,4.008,0.250,2,6,44.112,42.813,48.254,-1.990
8733,8734,4.008,0.250,2,6,44.103,42.865,48.096,-1.990
8734,8735,4.008,0.250,2,6,44.106,42.867,48.094,-1.990
8735,8736,4.008,0.250,2,6,44.098,42.869,48.084,-1.990
8736,8737,4.008,0.250,2,6,44.093,42.865,48.092,-1.990
8737,8738,4.008,0.250,2,6,44.101,42.865,48.096,-1.990
8738,8739,4.008,0.250,2,6,44.109,42.868,48.096,-1.990
8739,8740,4.008,0.250,2,6,44.116,42.870,48.081,-1.990
8740,8741,4.008,0.250,2,6,44.101,42.871,48.092,-1.990
8741,8742,4.008,0.250,2,6,44.111,42.868,48.090,-1.990
8742,8743,4.008,0.250,2,6,44.119,42.866,48.082,-1.990
8743,8744,4.008,0.250,2,6,44.106,42.868,48.095,-1.990
8744,8745,4.008,0.250,2,6,44.100,42.868,48.127,-1.990
8745,8746,4.008,0.250,2,6,44.097,42.855,48.074,-1.990
8746,8747,4.008,0.250,2,6,44.104,42.867,48.102,-1.990
8747,8748,4.008,0.250,2,6,44.108,42.869,48.093,-1.990
8748,8749,4.008,0.250,2,6,44.110,42.871,48.090,-1.990
8749,8750,4.008,0.250,2,6,44.106,42.868,48.103,-1.990
8750,8751,4.008,0.250,2,6,44.112,42.873,48.118,-1.990
8751,8752,4.008,0.250,2,6,44.100,42.868,48.095,-1.990
8752,8753,4.008,0.250,2,6,44.107,42.868,48.096,-1.990
8759,8760,4.008,0.250,2,6,44.071,42.837,48.085,-1.990
8760,8761,4.008,0.250,2,6,44.108,42.864,48.108,-1.990
8761,8762,4.008,0.250,2,6,44.112,42.873,48.116,-1.990
8762,8763,4.008,0.250,2,6,44.108,42.860,48.106,-1.990
8763,8764,4.008,0.250,2,6,44.115,42.877,48.152,-1.990
8764,8765,4.008,0.250,2,6,44.106,42.853,48.122,-1.990
8765,8766,4.008,0.250,2,6,44.105,42.853,48.122,-1.990
8766,8767,4.008,0.250,2,6,44.118,42.865,48.133,-1.990
8769,8770,4.008,0.250,2,6,44.116,42.857,48.176,-1.990
8770,8771,4.008,0.250,2,6,44.103,42.841,48.154,-1.990
8771,8772,4.008,0.250,2,6,44.120,42.847,48.159,-1.990
8772,8773,4.008,0.250,2,6,44.140,42.871,48.178,-1.990
8773,8774,4.008,0.250,2,6,44.121,42.854,48.168,-1.990
8774,8775,4.008,0.250,2,6,44.119,42.853,48.160,-1.990
8781,8782,4.008,0.250,2,6,44.093,43.188,46.952,-1.990
8782,8783,4.008,0.250,2,6,44.081,43.179,46.972,-1.990
8783,8784,4.008,0.250,2,6,44.086,43.180,46.957,-1.990
8784,8785,4.008,0.250,2,6,44.072,43.181,46.953,-1.990
8785,8786,4.008,0.250,2,6,44.071,43.190,46.979,-1.990
8786,8787,4.008,0.250,2,6,44.082,43.188,46.970,-1.990
8787,8788,4.008,0.250,2,6,44.071,43.183,46.967,-1.990
8788,8789,4.008,0.250,2,6,44.082,43.189,46.974,-1.990
8792,8793,4.008,0.250,2,6,44.066,43.164,46.963,-1.990
8793,8794,4.008,0.250,2,6,44.080,43.172,46.953,-1.990
8794,8795,4.008,0.250,2,6,44.066,43.172,46.931,-1.990
8795,8796,4.008,0.250,2,6,44.080,43.176,46.949,-1.990
8796,8797,4.008,0.250,2,6,44.065,43.172,46.966,-1.990
8797,8798,4.008,0.250,2,6,44.078,43.183,46.953,-1.990
8798,8799,4.008,0.250,2,6,44.079,43.181,46.953,-1.990
8800,8801,4.008,0.250,2,6,44.075,43.186,46.980,-1.990
8801,8802,4.008,0.250,2,6,44.078,43.187,46.952,-1.990
8802,8803,4.008,0.250,2,6,44.063,43.164,46.942,-1.990
8803,8804,4.008,0.250,2,6,44.075,43.171,46.948,-1.990
8804,8805,4.008,0.250,2,6,44.075,43.171,46.925,-1.990
8805,8806,4.008,0.250,2,6,44.097,43.200,46.951,-1.990
8807,8808,4.008,0.250,2,6,44.080,43.175,46.941,-1.990
8808,8809,4.008,0.250,2,6,44.078,43.183,46.948,-1.990
8809,8810,4.008,0.250,2,6,44.074,43.170,46.937,-1.990
8813,8814,4.008,0.250,2,6,44.057,43.152,46.926,-1.990
